teamId,teamName,submissionDate,score
16498024,안녕하세요이세입니다잘부탁드립니다,2026-07-29 03:51:56.316000,0.95316
16515170,Seho.Connect,2026-07-28 11:42:04.923000,0.95314
16598230,khante,2026-07-30 06:41:16.326000,0.95307
16540272,Kaileh57,2026-07-31 03:14:32.320000,0.95307
16464677,zlka,2026-07-30 18:21:20.436000,0.95307
16587775,FlameZywoo,2026-07-31 02:53:59.696000,0.95306
16511485,yw8837,2026-07-31 03:57:44.810000,0.95306
16540955,Michael Hernandez,2026-07-31 04:09:28.833000,0.95306
16510770,Ali,2026-07-31 03:37:49.063000,0.95302
16619197,adam lakamora,2026-07-30 12:56:57.650000,0.95302
16619135,MsMsS,2026-07-30 12:37:30.076000,0.95301
16618938,wassimdobbi2,2026-07-30 12:19:39.833000,0.95298
16599153,"3,14159265358979323846",2026-07-30 04:16:22.930000,0.95295
16462430,Masaya Kawamata,2026-07-31 00:48:11.700000,0.95293
16609632,Lichang Liang,2026-07-31 02:47:53.866000,0.95292
16599367,midway2333,2026-07-29 18:26:10.836000,0.9529
16489975,ZechHuang,2026-07-31 02:50:47.570000,0.9529
16571010,wennan cao,2026-07-31 03:12:59.800000,0.9529
16501535,Zalman Goldstein,2026-07-31 01:05:56.973000,0.9529
16464805,Game of Tokens,2026-07-31 04:01:00.693000,0.9529
16604975,Wassim Dobbi,2026-07-30 09:05:41.566000,0.95289
16582760,Castian Hans,2026-07-29 15:18:31.173000,0.95289
16470732,yi g,2026-07-30 06:19:00.503000,0.95289
16483427,Data Shrushik,2026-07-31 00:37:55.950000,0.95289
16506090,Shreyash Wetal,2026-07-31 02:32:40.130000,0.95289
16463190,Kun Zhang,2026-07-31 01:31:53.963000,0.95289
16517067,Cary Chan,2026-07-31 01:31:21.366000,0.95289
16594907,Naji,2026-07-31 02:17:51.250000,0.95289
16566549,Mikey Marszewski,2026-07-31 03:10:02.756000,0.95289
16462852,Ilya Sevastyanov,2026-07-31 03:23:54.800000,0.95289
16617703,Hu Xingyu,2026-07-31 04:01:00.736000,0.95289
16516356,Kunal Desale,2026-07-31 04:22:55.773000,0.95289
16558534,OverfitShoot,2026-07-30 09:52:53.413000,0.95288
16556014,Pawan Rama Mali,2026-07-30 18:31:49.003000,0.95288
16578014,Lars,2026-07-29 19:23:21.046000,0.95288
16590881,Ripon C. Malo,2026-07-29 20:14:29.293000,0.95288
16545077,Farhan Abid,2026-07-29 20:39:08.253000,0.95288
16475942,⸻AgentZZ ⸻,2026-07-31 01:16:59.246000,0.95288
16616563,modie91666,2026-07-30 01:21:37.816000,0.95288
16481294,Isabella L.,2026-07-30 06:33:55.300000,0.95288
16463034,kglctf,2026-07-31 03:04:58.936000,0.95288
16465694,AnthonyTherrien,2026-07-31 00:29:19.163000,0.95288
16501539,Nishant Raj,2026-07-30 10:45:10.543000,0.95288
16619154,Zihao Zeng,2026-07-30 12:32:17.676000,0.95288
16619215,foxypandas,2026-07-30 13:57:47.073000,0.95288
16561338,vizeno,2026-07-30 15:15:46.860000,0.95288
16501107,Boltuzamaki,2026-07-30 18:51:58.020000,0.95288
16623084,Monesh Satheeswaran,2026-07-30 20:56:11.190000,0.95288
16587488,Kirderf,2026-07-30 22:45:49.686000,0.95288
16472980,Rayk Kretzschmar,2026-07-31 00:18:27.730000,0.95288
16464939,navazsh fathi,2026-07-29 15:53:46.163000,0.95288
16466128,Danushkumar Venkadesh,2026-07-30 04:30:25.380000,0.95288
16488308,BlackCat,2026-07-31 01:37:27.873000,0.95288
16466256,Aman Atar,2026-07-29 14:30:24.470000,0.95288
16517282,Mohamed Saeed,2026-07-29 13:45:20.146000,0.95288
16485180,Lonnie,2026-07-30 14:13:52.600000,0.95288
16512345,Rabia Naz,2026-07-29 09:29:46.660000,0.95288
16609553,Shashwat Mandal,2026-07-29 09:53:58.233000,0.95288
16553738,CodeX,2026-07-29 09:53:57.030000,0.95288
16536304,Ömer Faruk Yüce,2026-07-29 10:02:20.353000,0.95288
16562915,k1nyua,2026-07-29 10:07:05.853000,0.95288
16613051,noynkmr,2026-07-29 10:08:57.143000,0.95288
16465151,Anhad Mahajan,2026-07-29 10:17:31.973000,0.95288
16575256,Nazmul Islam,2026-07-30 10:08:53.120000,0.95288
16609702,Solve Langseth,2026-07-29 11:19:27.113000,0.95288
16565090,Anurag Roy,2026-07-29 11:20:24.706000,0.95288
16575078,Aniket Abhishek Soni,2026-07-29 11:54:50.670000,0.95288
16609161,water980,2026-07-30 15:35:03.310000,0.95288
16605194,23020073 Trần Hữu Huy Hoàng,2026-07-29 12:40:44.983000,0.95288
16516878,R,2026-07-31 00:10:03.876000,0.95288
16599239,Zhang Yong Qi 123,2026-07-30 21:11:43.166000,0.95288
16462583,GUAM,2026-07-30 05:37:25.940000,0.95288
16513221,victor,2026-07-30 23:33:54.676000,0.95288
16594985,Samrish B,2026-07-29 14:01:35.506000,0.95288
16541354,WBF_USA_NYC,2026-07-29 14:26:49.760000,0.95288
16462912,Rubel,2026-07-29 14:05:25.230000,0.95288
16565980,BaiYuBY,2026-07-29 16:08:27.120000,0.95288
16487572,Krizsó Gergely,2026-07-30 14:54:31.040000,0.95288
16614368,Santiago Maniches,2026-07-29 22:51:09.606000,0.95288
16557119,Raed Ennab,2026-07-29 19:38:35.776000,0.95288
16480980,test-health-condition,2026-07-29 18:14:47.286000,0.95288
16614003,Yifeng PENG,2026-07-29 18:56:00.220000,0.95288
16535780,Hack2Publish,2026-07-29 19:32:38.756000,0.95288
16616258,Eishkaran Singh,2026-07-29 21:54:52.266000,0.95288
16550673,عبدالغني اشرف,2026-07-29 23:10:47.943000,0.95288
16462886,Jeki Wan Taufik,2026-07-29 23:58:43.913000,0.95288
16467751,Karan Patel,2026-07-30 00:57:15.573000,0.95288
16616455,Gigrise,2026-07-30 11:18:29.173000,0.95288
16500199,unknown,2026-07-30 02:30:56.633000,0.95288
16480433,Jordan Rowe,2026-07-30 05:04:22.703000,0.95288
16598087,HM Coders,2026-07-30 14:30:14.296000,0.95288
16462426,Pavlo Ivanin,2026-07-30 08:31:20.710000,0.95288
16615300,AbdUlaziz Mohammed,2026-07-30 08:43:17.943000,0.95288
16609097,Bagavathi C,2026-07-30 10:39:38.160000,0.95288
16583541,Remielle,2026-07-31 02:00:15.180000,0.95288
16485367,Code by Nadiia,2026-07-30 12:28:09.476000,0.95288
16565835,Josaiah Syiem,2026-07-30 14:01:55.730000,0.95288
16620573,wenjinyang,2026-07-30 15:37:43.876000,0.95288
16620655,panagiotagrosdouli,2026-07-30 15:45:49.100000,0.95288
16470562,Mathieu W,2026-07-30 15:54:10.530000,0.95288
16621146,BlamerX,2026-07-30 16:25:15.166000,0.95288
16533387,Matthew Morozov,2026-07-30 16:24:06.273000,0.95288
16474325,Vijay Takbhate,2026-07-30 17:31:55.010000,0.95288
16473500,Raunak Dey,2026-07-30 17:54:11.373000,0.95288
16591019,Sai Teja Bandaru,2026-07-30 22:30:07.156000,0.95288
16481842,juu meng,2026-07-30 18:34:53.540000,0.95288
16462481,Vladimir Demidov,2026-07-30 19:01:09.393000,0.95288
16533357,Aditya Kushwaha,2026-07-30 23:17:02.730000,0.95288
16531058,mige551,2026-07-31 00:14:21.803000,0.95288
16552990,Tavish Khandelwal,2026-07-31 00:59:40.046000,0.95288
16616393,Ryan,2026-07-31 02:14:25.896000,0.95288
16616542,CHANGYOU MU,2026-07-31 03:26:04.176000,0.95288
16510418,magp,2026-07-31 04:09:08.223000,0.95288
16542625,Omkar Pujeri,2026-07-31 03:56:18.476000,0.95288
16471864,Keanan,2026-07-29 23:01:07.776000,0.95287
16613699,Chengwei Sun,2026-07-30 03:02:19.860000,0.95286
16508545,好好好好,2026-07-24 12:53:01.030000,0.95283
16498757,Narendra2809,2026-07-28 18:51:48.023000,0.95281
16477970,Joseph Adamski,2026-07-30 11:39:11.906000,0.95281
16491525,Mohammed Majeed,2026-07-29 04:26:49.563000,0.95281
16609794,ISM,2026-07-30 15:31:24.446000,0.95281
16481716,yuuri,2026-07-31 04:22:48.086000,0.95279
16464756,Ayush Shekhar,2026-07-30 18:13:38.343000,0.95278
16539878,Conan Wang,2026-07-29 06:35:13.453000,0.95278
16556730,Amged Alfaqih,2026-07-28 20:31:58.586000,0.95278
16494431,hotaq,2026-07-27 16:16:22.363000,0.95275
16569649,🥇0🥈0🥉0,2026-07-28 13:25:43.350000,0.95275
16590580,Haokai Ding,2026-07-28 10:35:49.266000,0.95275
16601603,Mohammad Ragab,2026-07-28 23:06:58,0.95275
16575097,mahaz abbasi,2026-07-28 11:33:39.520000,0.95275
16558871,yukiZ,2026-07-28 11:47:41.726000,0.95275
16516591,Baigians,2026-07-28 17:53:43.453000,0.95275
16606346,Hammad khaliq987,2026-07-30 15:44:44.036000,0.95275
16575230,Anurag Goyal,2026-07-27 15:02:31.920000,0.95274
16606639,GitT456,2026-07-27 17:49:19.303000,0.95274
16583283,Mohamed Akram,2026-07-28 20:40:23.833000,0.95273
16551756,hr15de,2026-07-30 06:23:25.246000,0.95273
16463903,Shreyansh_Singh,2026-07-26 17:10:57.606000,0.95273
16602826,Ekué Martial,2026-07-29 06:50:23.360000,0.95273
16463795,llmcini,2026-07-26 19:40:26.316000,0.95273
16560567,Amirhosein Asiaban,2026-07-26 19:50:46.393000,0.95273
16603119,maria nadeem,2026-07-26 21:28:38.030000,0.95273
16603814,Grand Lee,2026-07-29 03:44:52.866000,0.95273
16479961,camurberkayy,2026-07-27 06:13:17.046000,0.95273
16557504,Epiphany_Thu,2026-07-29 01:35:38.773000,0.95273
16469054,Sergey Nefedov,2026-07-27 10:19:30.830000,0.95273
16584296,destroyer@123787,2026-07-29 11:45:47.946000,0.95273
16485131,HariSeldon77,2026-07-27 14:04:36.196000,0.95273
16589377,Here,2026-07-27 17:07:06.570000,0.95273
16557475,Kunal Gurung,2026-07-28 07:54:57.116000,0.95273
16535907,Rasindu Gamlath,2026-07-28 19:46:12.176000,0.95273
16591141,Antonoof,2026-07-30 12:09:19.880000,0.95272
16610225,Tushar Sarkar,2026-07-28 15:31:30.383000,0.95272
16598742,[Deleted] 2a221bce-10ee-40f6-b2d6-732ef94510c1,2026-07-25 14:15:21.366000,0.95271
16599055,Sahrul Adicandra,2026-07-27 04:21:44.686000,0.95271
16582715,Isu Patel,2026-07-25 16:18:11.186000,0.95271
16541963,Souvik_D_Biswas,2026-07-25 17:49:32.200000,0.95271
16599498,Sheikh Abdul Rehman,2026-07-25 18:16:43.526000,0.95271
16599653,LI MO ZI YA,2026-07-27 02:41:24.610000,0.95271
16486489,really?,2026-07-27 06:47:20.383000,0.95271
16576368,SamarthN9,2026-07-26 18:56:19.263000,0.95271
16597313,idk shetty,2026-07-26 06:56:01.690000,0.95271
16475558,Nithin maktha,2026-07-26 07:09:38.183000,0.95271
16605182,taiseiu,2026-07-27 12:04:02.033000,0.95271
16590087,Nan_XJY,2026-07-23 20:34:29.503000,0.95269
16469010,StephenNedumpally,2026-07-25 03:27:29.243000,0.95268
16471670,GodofThunder2407,2026-07-25 07:31:54.396000,0.95268
16569604,Marek Nurzynski,2026-07-26 12:53:57.016000,0.95268
16597403,Logical matrix,2026-07-26 11:06:30.093000,0.95268
16500754,团子智能 X HydraTeam,2026-07-24 12:02:25.543000,0.95267
16588713,guansuo,2026-07-24 12:05:24.660000,0.95267
16592350,shreyas sangalad,2026-07-27 23:11:29.820000,0.95267
16591335,Kunal Sharma,2026-07-24 18:08:47.906000,0.95267
16587243,Mrsalty,2026-07-28 13:13:15.156000,0.95267
16569728,m1479l,2026-07-30 17:03:01.340000,0.95267
16597411,fryhat,2026-07-31 02:59:26.690000,0.95267
16606675,Master_Siva,2026-07-28 04:33:10.780000,0.95267
16588349,Avinash maurya,2026-07-30 08:56:38.346000,0.95265
16483573,Silvan Müller,2026-07-22 18:13:56.140000,0.95264
16583687,KRAMIAS,2026-07-23 00:24:55.886000,0.95264
16506768,Akmaleyzal,2026-07-23 03:59:28.840000,0.95264
16512719,RAHUL_RATHOD7,2026-07-23 04:32:53.763000,0.95264
16463349,Hyun-woo Kim,2026-07-23 07:35:41.713000,0.95264
16589866,Arvind CR,2026-07-23 14:38:00.076000,0.95264
16543727,KAIWALYA RAUT,2026-07-23 15:52:54.546000,0.95264
16497680,Autumn67,2026-07-24 09:19:11.926000,0.95264
16591576,Murpheys09z.DE,2026-07-30 01:59:27.313000,0.95264
16464064,Ricardo.M.Zhang,2026-07-21 06:38:45.393000,0.95256
16577902,Tahsan Ferdous,2026-07-22 15:03:13.833000,0.95256
16549154,Algorex,2026-07-21 14:42:24.426000,0.95256
16488828,Charismatic Pizza Party🍕,2026-07-21 15:55:29.203000,0.95256
16554616,Efe Altın,2026-07-21 18:04:57.120000,0.95256
16481157,Khongor kikai k21,2026-07-23 01:43:05.806000,0.95256
16582636,Nur Srijan,2026-07-28 18:20:10.793000,0.95256
16517157,YUYA,2026-07-23 13:34:32.806000,0.95256
16500849,Shenghan,2026-07-22 14:45:31.626000,0.95256
16574901,SoraDaCroi,2026-07-23 04:01:02.440000,0.95256
16466515,CAPRICORNUS0908,2026-07-30 12:36:40.586000,0.95256
16551608,bilmat,2026-07-29 20:06:24.093000,0.95246
16496907,Giovanni Marco Dall'Olio,2026-07-30 23:49:06.906000,0.95246
16470544,github/shepsci/kaggle-skill,2026-07-19 17:05:38.963000,0.95246
16572135,PRASHANT SHUKLA91,2026-07-20 00:55:14.413000,0.95246
16539676,Alexander Emelyanov,2026-07-19 23:16:03.443000,0.95246
16486450,Chengyu LIU 789,2026-07-20 10:35:45.373000,0.95246
16578067,Mani Ketabchi,2026-07-21 04:14:56.500000,0.95246
16472732,S-as-H,2026-07-29 14:10:58.110000,0.95246
16506832,Claude_Agents,2026-07-18 03:40:18.873000,0.95245
16557213,cedric,2026-07-18 00:40:24.753000,0.95245
16544927,annd,2026-07-18 02:27:01.173000,0.95245
16508996,zpf,2026-07-18 01:54:10.823000,0.95245
16561724,An Nguyễn Đại,2026-07-18 02:48:29.890000,0.95245
16473995,kaixinliu39,2026-07-18 06:52:34.590000,0.95245
16552236,Sohangkumar Patel,2026-07-19 13:27:16.556000,0.95245
16580090,renji_starfall,2026-07-23 09:41:54.960000,0.95244
16468702,STF,2026-07-20 00:30:29.743000,0.95239
16488426,SidAn,2026-07-29 07:19:19.900000,0.95238
16464186,DataLover,2026-07-16 20:32:06.816000,0.95238
16513100,Randyrahmansyah,2026-07-17 08:17:36.930000,0.95238
16464217,Tamerlan Omralinov,2026-07-28 14:03:44.140000,0.95238
16535104,ElaStor,2026-07-16 00:58:20.703000,0.95238
16498240,lkevincc,2026-07-16 01:07:43.540000,0.95238
16475474,Gautam kumar,2026-07-16 05:13:52.363000,0.95238
16493771,Sreejit Pradhan,2026-07-23 16:39:43.026000,0.95238
16500720,hideaki_mizoue,2026-07-16 06:28:28.733000,0.95238
16553862,wangxiaofeng53599,2026-07-16 08:23:21.043000,0.95238
16554106,Abioye Stephen,2026-07-16 08:21:16.926000,0.95238
16487735,Lam Mo Kit ,2026-07-17 18:40:31.343000,0.95238
16536265,Mr. Ahtasham Ul haq,2026-07-16 15:05:51.933000,0.95238
16555040,Jinghan Ma777,2026-07-16 12:28:15.520000,0.95238
16540187,Prashant bisht,2026-07-28 15:22:05.806000,0.95238
16463839,Игорь Жаров,2026-07-19 08:44:23.673000,0.95238
16532545,Diogo Moitinho,2026-07-16 23:17:25.163000,0.95238
16474116,YUTING,2026-07-17 06:37:40.540000,0.95238
16557549,haoxuanjiang,2026-07-17 06:40:21.003000,0.95238
16557311,XujianyuShow,2026-07-30 01:03:47.153000,0.95238
16553439,theonlyeel,2026-07-17 07:44:35.136000,0.95238
16554498,Tushar Kaushik,2026-07-31 04:13:07.603000,0.95238
16481723,chandora,2026-07-22 04:28:02.810000,0.95238
16532477,Assem ElQersh,2026-07-21 06:45:15.140000,0.95238
16506523,Minseok Ku,2026-07-19 01:26:50.096000,0.95238
16533335,Marcos Silveira,2026-07-24 11:14:44.790000,0.95238
16572009,Solo_Q,2026-07-22 05:41:24.573000,0.95238
16587715,cc,2026-07-23 02:37:16.343000,0.95238
16484515,GurSimran,2026-07-27 17:36:50.546000,0.95238
16544133,呆毛～(∠・ω< )⌒★,2026-07-23 16:54:43.490000,0.95238
16611324,Tao Zhuoang,2026-07-29 04:19:55.730000,0.95238
16498870,Pratyush Arun,2026-07-16 13:35:38.203000,0.95236
16470133,Alexdruso,2026-07-22 17:55:53.353000,0.95193
16598331,mgrayl,2026-07-26 07:21:46.250000,0.95182
16593079,Ern711,2026-07-30 21:10:19.580000,0.95172
16535702,SUBRATA MONDAL,2026-07-24 06:59:31.350000,0.95137
16551512,Crazzzzy,2026-07-16 20:21:08.906000,0.95128
16497017,TG_Aetheryx,2026-07-11 00:59:07.013000,0.95128
16497034,TGMATH,2026-07-10 10:59:55.800000,0.95128
16537896,마짱MAZZANG,2026-07-15 00:38:38.516000,0.95126
16511477,JWuZhu,2026-07-17 14:04:11.283000,0.95118
16463821,illunome,2026-07-08 11:07:21.090000,0.95117
16462482,yunseungmin0531,2026-07-14 00:40:56.846000,0.95117
16531143,Chase Culbertson,2026-07-13 02:44:26.440000,0.95117
16489004,Mohsen Yazdinejad,2026-07-30 10:34:29.926000,0.95117
16553185,Anadi Gupta,2026-07-16 06:18:33.263000,0.95117
16470435,ymemo,2026-07-17 01:47:15.196000,0.95116
16553610,张凌6666,2026-07-16 06:53:40.073000,0.95115
16553837,lijifang,2026-07-16 08:28:45.583000,0.95115
16553559,SuperCJMing,2026-07-16 08:02:03.676000,0.95115
16483101,[Deleted] 9dbcc814-c86b-4db2-b2dd-3b9af822bb0f,2026-07-07 15:14:27.563000,0.95115
16486021,PipDataScientist,2026-07-11 02:43:50.453000,0.95115
16472200,maureliusz,2026-07-18 15:38:00.663000,0.95115
16533838,CoMessi,2026-07-15 06:28:27.443000,0.95115
16483790,islet,2026-07-29 00:06:12.883000,0.95114
16501936,eusha29,2026-07-12 20:01:34.086000,0.95114
16464096,y.k.,2026-07-13 05:41:14.183000,0.95114
16463194,BhuvanNR,2026-07-30 18:56:06.130000,0.95114
16536158,Tofayel Hossain,2026-07-13 10:15:47.706000,0.95114
16540236,JIVRAJ SINGH,2026-07-13 19:10:59.603000,0.95114
16510151,Octave BAHOUN,2026-07-13 23:53:00.470000,0.95114
16553257,yanxiaohyh66,2026-07-16 06:20:17.760000,0.95114
16540444,xiaohuaifeng,2026-07-16 14:04:23.066000,0.95114
16468384,Arjun Thakur,2026-07-28 10:03:47.723000,0.95114
16501861,3lement0ry,2026-07-11 01:34:06.953000,0.95114
16533165,Manav Trivedi,2026-07-11 18:18:41.246000,0.95114
16533531,Jeff Borschowa,2026-07-30 22:21:27.310000,0.95114
16534282,lihaha.36,2026-07-12 12:34:57.380000,0.95114
16537029,microcheez,2026-07-14 04:58:18.020000,0.95114
16549195,Артём Свинобоев,2026-07-27 12:08:35.256000,0.95114
16553391,Yu_Ki05,2026-07-19 13:25:59.170000,0.95114
16610667,Rafi Fernanda,2026-07-28 18:32:03.873000,0.95114
16506080,Adrian Martinez 1111,2026-07-12 03:42:38.756000,0.95113
16512121,liujiani,2026-07-15 07:08:41.116000,0.95113
16491730,Victor Orihuel,2026-07-29 22:05:38.530000,0.95113
16534059,orionis,2026-07-15 18:35:28.370000,0.95113
16468337,Rohan Vidhate,2026-07-26 17:08:02.730000,0.95113
16462563,maronist,2026-07-13 01:31:27.960000,0.95113
16539342,LiFeng Wen,2026-07-13 23:41:08.636000,0.95113
16510521,Torschlusspanik,2026-07-14 01:54:44.760000,0.95113
16498611,Hammad Farooq,2026-07-14 06:51:00.643000,0.95113
16483218,shpg,2026-07-14 06:54:06.323000,0.95113
16543052,Kohaku Miyazaki,2026-07-14 09:43:34.486000,0.95113
16514226,NopparujTun,2026-07-14 13:35:35.663000,0.95113
16535826,NO NAME,2026-07-15 17:49:21.773000,0.95113
16532128,dengyu233,2026-07-15 03:45:17.026000,0.95113
16511014,김 태용,2026-07-15 03:13:36.426000,0.95113
16500222,G4N0_669,2026-07-15 15:29:29.853000,0.95113
16540548,Aamod06,2026-07-17 05:31:14.970000,0.95113
16560092,PREM GAIKWAD,2026-07-18 07:29:56.643000,0.95113
16548588,NM_Health,2026-07-27 20:51:18.386000,0.95113
16464086,Athletes Are Always FIT ;),2026-07-19 12:20:51.143000,0.95112
16498254,yimin0130O_O,2026-07-07 05:58:05.810000,0.95112
16464556,Mathurin Ache,2026-07-07 07:58:53.410000,0.95112
16465322,[Deleted] 7b4f73ee-b79a-45c8-a43a-84a8c56bb1ab,2026-07-07 08:29:01.976000,0.95112
16463122,Aditto Ahosan Kabbo,2026-07-07 13:24:45,0.95112
16462425,Muhammad Hassan Saboor,2026-07-14 15:53:19.193000,0.95112
16473545,samhith nadig,2026-07-09 10:52:23.433000,0.95112
16491498,Arin Balyan,2026-07-17 16:18:19.396000,0.95112
16506265,Kenzao,2026-07-10 01:42:58.810000,0.95112
16516726,Saran Boddu,2026-07-11 02:33:19.993000,0.95112
16517466,Vangee Chen,2026-07-11 07:55:10.340000,0.95112
16480498,Kshitiz Sharma,2026-07-15 17:24:29.850000,0.95112
16540693,Arjun Sharma,2026-07-15 10:59:49.396000,0.95112
16493424,For Swag!,2026-07-29 04:45:18.906000,0.95111
16465541,Maher el Ouahabi,2026-07-07 08:16:50.210000,0.95111
16484803,walkrunfly,2026-07-07 07:46:29.870000,0.9511
16470082,Tarosh Gurramkonda,2026-07-10 01:35:34.293000,0.9511
16465194,Jingyiwang0629,2026-07-07 12:17:36.836000,0.95109
16463537,Krasnov Daniil,2026-07-09 15:23:49.443000,0.95109
16463736,RuiFSPinto,2026-07-20 18:44:24.970000,0.95109
16536968,Sachintha Madhawa,2026-07-15 03:12:44.796000,0.95109
16490021,AI super coder,2026-07-06 09:13:47.413000,0.95109
16499605,Kim Young Seokk,2026-07-11 17:34:06.940000,0.95108
16464090,Biel Escola Rodrigo,2026-07-10 15:54:04.560000,0.95108
16495930,Who am I?,2026-07-31 01:40:15.506000,0.95107
16463110,CoB12426,2026-07-23 01:56:44.990000,0.95105
16463369,kava1,2026-07-27 08:58:11.566000,0.95104
16559147,Yang Kuang Ou,2026-07-26 04:31:56.633000,0.95102
16468823,cstdy,2026-07-16 12:14:49.256000,0.95102
16473513,Ak,2026-07-30 12:32:21.720000,0.95102
16491531,Nicolai Karcher,2026-07-17 07:52:36.760000,0.95101
16511959,Changye Li,2026-07-27 05:32:52.276000,0.95101
16462664,YuAn,2026-07-20 08:57:30.813000,0.95101
16472277,DanilAbdullin,2026-07-03 16:22:14.240000,0.95101
16481344,Rajesh Singh,2026-07-26 02:35:31.260000,0.95101
16510512,EUGENEYEUNG,2026-07-20 07:34:04.693000,0.951
16570319,Yaohui,2026-07-30 11:57:35.580000,0.951
16463215,BNBU YUXIANG Jiang,2026-07-27 02:23:18.283000,0.951
16471827,pcxxxxxx,2026-07-12 06:05:24.436000,0.951
16470157,Dariush Afshar,2026-07-31 02:48:27.830000,0.95099
16471952,nobuya,2026-07-30 06:33:42.176000,0.95099
16466483,Lkhodra,2026-07-10 13:40:33.576000,0.95099
16572801,pinecone,2026-07-30 23:30:00.766000,0.95099
16470995,Mizushima Toshihiko,2026-07-24 06:33:30.236000,0.95099
16590243,林木子吖,2026-07-25 03:21:50.850000,0.95099
16591317,Muheng,2026-07-25 08:11:04.540000,0.95099
16597666,Ryusuke Oku,2026-07-25 15:10:24.953000,0.95099
16597916,Yinzi_Mike,2026-07-26 07:37:09.243000,0.95099
16604290,lzeee,2026-07-30 03:35:26.623000,0.95099
16606796,shun-fan-001,2026-07-29 12:32:41.326000,0.95099
16470809,xiaoyang66,2026-07-29 07:21:07.433000,0.95099
16606724,Raffaello Tamagnini,2026-07-30 05:03:58.290000,0.95099
16510546,EvilCat,2026-07-30 09:12:10.450000,0.95099
16613551,Shuvodip Sowmik,2026-07-30 10:26:10.530000,0.95099
16463121,bhdxkk,2026-07-30 09:31:08.330000,0.95099
16463846,Shiv Satyam,2026-07-31 01:14:51.433000,0.95099
16616966,yomi adelowotan,2026-07-30 16:45:16.506000,0.95099
16480499,Samvel Kocharyan,2026-07-27 12:47:56.226000,0.95098
16575380,xllenxu,2026-07-24 11:59:28.320000,0.95097
16481588,DK Armada,2026-07-27 09:58:49.663000,0.95097
16591207,Alex Bissacco,2026-07-26 00:17:31.306000,0.95097
16462602,(ノ◡ <),2026-07-27 19:14:23.816000,0.95097
16467653,Laksamada,2026-07-11 23:43:04.466000,0.95097
16462525,Don Mani,2026-07-17 05:46:07.803000,0.95097
16462858,Ravi Ramakrishnan,2026-07-28 03:14:38.990000,0.95097
16509670,Bulşah Keçici,2026-07-26 19:08:56.423000,0.95097
16462537,Arko Bera,2026-07-29 11:56:10.873000,0.95097
16470786,junseok lee,2026-07-08 00:34:54.996000,0.95096
16470176,XAVI,2026-07-30 23:56:22.560000,0.95096
16512918,Munshi-PremChand,2026-07-28 21:39:14.620000,0.95096
16483666,tom c tea,2026-07-13 09:03:56.210000,0.95095
16471967,SparrowSteelDuck,2026-07-03 05:01:53.833000,0.95095
16473055,KELI kekeli christ,2026-07-03 08:42:13.196000,0.95095
16483373,Arjun Madaan,2026-07-14 03:02:02.133000,0.95095
16462874,DB,2026-07-06 01:53:52.496000,0.95095
16513253,Grace7523,2026-07-24 08:13:32.510000,0.95094
16499822,bt08tjmj,2026-07-14 04:43:05.953000,0.95094
16616632,Haoyuan Zhou,2026-07-30 08:31:53.700000,0.95094
16464117,Ricky,2026-07-21 09:22:26.090000,0.95094
16599545,bplyc15,2026-07-26 07:59:37.746000,0.95094
16463462,Sergey Belov,2026-07-29 12:41:17.773000,0.95094
16602206,Jordi Corbilla,2026-07-30 05:53:13.436000,0.95094
16465303,ynrasr,2026-07-29 01:30:51.870000,0.95093
16470883,GCarnovale,2026-07-29 10:31:38.273000,0.95091
16463784,Optimistix,2026-07-30 23:57:50.320000,0.95091
16487665,Paddington,2026-07-30 11:14:44.020000,0.95091
16465167,FARHAAN'S,2026-07-24 10:33:54.950000,0.9509
16464563,Mart Mikey,2026-07-27 16:22:39.413000,0.9509
16464323,Дворкин Евгений Владимирович,2026-07-28 15:47:48.583000,0.9509
16588411,MuqadasEjaz,2026-07-27 10:49:01.526000,0.95089
16462429,F.A.Nina,2026-07-03 01:21:09.293000,0.95088
16609680,Maydon Tech,2026-07-30 11:41:19.803000,0.95088
16479867,[Deleted] 15d01c8b-63cc-49f2-a88f-ca9a51887799,2026-07-03 11:52:41.066000,0.95088
16474835,Amer,2026-07-03 11:57:12.336000,0.95088
16462663,Alan1305,2026-07-26 13:45:08.460000,0.95087
16514752,tso-ff,2026-07-27 16:33:14.226000,0.95086
16543398,tso0617,2026-07-27 12:02:10.936000,0.95086
16462465,MILANFX,2026-07-30 23:51:21.910000,0.95086
16472536,Phong Khoi,2026-07-25 13:25:00.696000,0.95086
16464579,Kaggler Sergio,2026-07-20 11:45:46.636000,0.95085
16465585,Yoshimune,2026-07-17 21:47:53.020000,0.95085
16473509,infamemconculcemus,2026-07-14 09:47:08.906000,0.95085
16471529,Chirag Desai,2026-07-30 02:17:53.313000,0.95084
16472779,Emre Cirak,2026-07-04 10:28:57.596000,0.95084
16515092,khgb,2026-07-19 09:57:55.523000,0.95084
16510715,Zihe Henry Zhang,2026-07-26 19:32:38.233000,0.95084
16536913,Seungjin Kim,2026-07-14 08:26:03.136000,0.95083
16534457,theguitar,2026-07-15 03:12:47.996000,0.95083
16489600,cocohuangke,2026-07-15 03:45:43.866000,0.95083
16463212,LazyCoder,2026-07-06 06:59:17.750000,0.95083
16492628,jngchan,2026-07-28 03:26:46.800000,0.95082
16464378,Muzammil Baloch,2026-07-30 10:19:29.186000,0.95082
16515343,Etsushi Yamamoto,2026-07-30 00:54:46.823000,0.95081
16466133,ts,2026-07-22 10:35:46.080000,0.95081
16465449,Szymon Kłapiński,2026-07-08 14:05:04.866000,0.95081
16471204,Shantanu Chopra,2026-07-12 20:50:06.820000,0.95081
16561862,senxlj,2026-07-19 02:08:52.183000,0.95081
16536714,kakuteki,2026-07-28 06:24:22.620000,0.95081
16478012,datatuu,2026-07-09 13:51:01.873000,0.95081
16585186,Luke Stafford,2026-07-26 04:24:56.656000,0.9508
16470857,SOONHANKWON,2026-07-31 04:23:12.750000,0.9508
16463804,Mikhail Naumov,2026-07-11 09:55:17.983000,0.9508
16464030,Keisuke_kaggle,2026-07-30 12:08:24.743000,0.9508
16588336,金癸,2026-07-25 12:32:07.676000,0.9508
16462896,Factual Explorer,2026-07-28 19:10:28.276000,0.9508
16467060,yuki,2026-07-03 14:39:35.580000,0.9508
16472125,Tigerpiotta,2026-07-24 20:30:09.433000,0.95079
16588100,IEEM26_111034003,2026-07-24 09:36:10.630000,0.95079
16487403,Danielle Cui,2026-07-27 21:35:13.900000,0.95078
16560525,Anshu Shee,2026-07-17 18:29:39.443000,0.95078
16531331,Paul Tang,2026-07-20 17:02:39.976000,0.95077
16462755,daoviet,2026-07-20 05:02:14.836000,0.95077
16492148,nybbler,2026-07-12 04:06:47.913000,0.95077
16465306,ASHML,2026-07-30 20:04:13.503000,0.95077
16476056,JDow76,2026-07-12 03:39:31.046000,0.95076
16468922,Öinen Huuhkaja,2026-07-30 16:40:18.210000,0.95076
16462788,Jerry,2026-07-25 22:57:21.173000,0.95076
16462457,Evan Arlen Handy,2026-07-29 10:43:31.616000,0.95076
16551381,Chitraditya Negi,2026-07-15 18:09:15.356000,0.95076
16463499,Hamachi,2026-07-19 00:05:05.596000,0.95076
16585820,Hadifar,2026-07-29 19:35:11.476000,0.95075
16464391,Vadim Irtlach,2026-07-02 16:11:38.033000,0.95075
16483959,lilu632410030217,2026-07-04 08:53:49.190000,0.95075
16481402,Michan22JP,2026-07-04 11:48:57.650000,0.95075
16483915,wangjia_0218,2026-07-04 14:51:56.626000,0.95075
16483927,lqy0102,2026-07-05 10:08:28.076000,0.95075
16515545,SteveHY Shih,2026-07-10 10:25:14.996000,0.95075
16509244,Md Feroz Ahmed,2026-07-13 16:40:57.953000,0.95075
16598252, Sylvie23,2026-07-25 11:30:28.136000,0.95075
16561936,akashXsouvik,2026-07-21 04:33:44.726000,0.95075
16471004,Yang Zhou,2026-07-15 01:46:38.830000,0.95075
16490745,百万遍2025,2026-07-30 16:50:45.600000,0.95074
16540303,zzx Hee,2026-07-14 11:34:01.910000,0.95074
16495096,hertz,2026-07-18 12:22:43.523000,0.95074
16462527,yalpha,2026-07-20 11:24:02.590000,0.95074
16464953,hipotures,2026-07-31 01:00:05.573000,0.95074
16493288,thinkrunner,2026-07-28 12:39:32.263000,0.95074
16570894,Tuncay Aydın,2026-07-28 12:01:01.600000,0.95073
16494809,Liam O’Brien,2026-07-22 14:47:45.926000,0.95073
16462634,Trish Cornelissen,2026-07-31 02:42:19.886000,0.95073
16466083,Baseer Shah,2026-07-25 09:11:04.796000,0.95073
16465536,Nidhi Tomar,2026-07-10 08:24:05.246000,0.95071
16558341,Mark Wang,2026-07-18 16:09:03.416000,0.95071
16498179,ThanhP23,2026-07-09 04:15:52.603000,0.95071
16464643,성태훈SonTaehoon,2026-07-04 16:26:12.510000,0.9507
16606720,Rimsha Waheed,2026-07-30 14:01:18.126000,0.9507
16509099,Alejandro Gómez,2026-07-10 22:02:12.016000,0.9507
16473916,沈奇233,2026-07-12 10:54:53.510000,0.9507
16464553,Juatin_tao,2026-07-03 14:14:41.433000,0.9507
16467418,Jack,2026-07-27 13:57:09.936000,0.95068
16495839,lubobill1990,2026-07-07 12:22:55.933000,0.95068
16473342,vedant pol,2026-07-20 02:59:34.560000,0.95068
16543452,LearningNN,2026-07-28 10:53:21.233000,0.95067
16505717,seroze,2026-07-20 08:30:28.400000,0.95067
16466736,Mark Susol,2026-07-06 01:58:48.840000,0.95065
16514269,amrrs,2026-07-10 16:08:04.853000,0.95065
16516451,haoyu wang,2026-07-11 21:26:19.066000,0.95065
16462955,yunsuxiaozi,2026-07-12 02:08:45.946000,0.95065
16535996,Samet Coşkun,2026-07-26 19:18:32.723000,0.95065
16487781,Victor Owuor,2026-07-09 22:33:41.346000,0.95065
16491885,Mahmoud Ibrahim,2026-07-13 19:10:27.793000,0.95064
16497657,yu nakam,2026-07-30 07:31:55.516000,0.95064
16570885,AnishkaRatnawat2,2026-07-28 13:22:06.460000,0.95064
16550740,CHCHENTW,2026-07-25 04:56:23.520000,0.95063
16537986,Hwan,2026-07-14 08:33:05.783000,0.95063
16591670,Amaranta,2026-07-27 18:08:11.713000,0.95063
16488276,Hongbin Guokaggle,2026-07-25 08:34:59.760000,0.95063
16473281,Kyr1ll,2026-07-28 21:46:02.986000,0.95063
16481792,sswatari,2026-07-28 02:27:19.240000,0.95063
16494225,Nathan John 1046,2026-07-16 05:39:52.296000,0.95062
16586345,Sachit Bansal,2026-07-22 16:39:01.693000,0.95062
16469116,LEVAN KANKADZE,2026-07-12 12:40:36.876000,0.95062
16581946,buaa_auto,2026-07-22 08:26:55.800000,0.95062
16483474,Kadir Demir,2026-07-03 21:25:22.803000,0.95061
16555588,Nikita,2026-07-29 02:08:09.380000,0.95061
16462609,Syed Mohaiminul Hoque,2026-07-12 11:17:49.420000,0.95061
16542051,James,2026-07-23 01:17:37.790000,0.95061
16516344,Muhammad Faheem,2026-07-30 04:21:53.430000,0.95061
16484997,Asas Ahmed,2026-07-21 06:31:07.456000,0.9506
16596788,Brian Nguyen,2026-07-28 13:05:30.556000,0.9506
16557532,Gift_ig,2026-07-19 05:02:22.110000,0.95059
16592262,YONG,2026-07-25 12:00:13.346000,0.95059
16487466,SavaCan,2026-07-31 00:44:19.196000,0.95059
16464404,Pravin Takpire,2026-07-14 13:30:27.436000,0.95059
16516079,Taehoon Hwang,2026-07-12 06:33:25.883000,0.95059
16462818,Zhenrui.Weng,2026-07-11 08:55:14.040000,0.95059
16532113,Lotfi MANSEUR,2026-07-17 14:54:55.776000,0.95059
16495156,Hayato Matsuzawa,2026-07-23 10:15:55.456000,0.95059
16599413,Huoyuuu,2026-07-25 19:33:48.923000,0.95058
16465289,Hamza,2026-07-19 14:24:49.716000,0.95058
16482731,AB_Melhem,2026-07-04 18:23:20.613000,0.95058
16611940,UncleWKTK,2026-07-30 01:04:01.186000,0.95057
16486651,Sarthak #2,2026-07-06 03:46:30.393000,0.95056
16565524,chinmayjain9999,2026-07-28 18:56:17.740000,0.95056
16549925,nouvya,2026-07-30 06:00:24.323000,0.95056
16463957,idxic123,2026-07-02 11:40:32.106000,0.95055
16493434,完全週休7日,2026-07-18 08:58:45.386000,0.95055
16485449,Visa,2026-07-04 18:58:13.743000,0.95055
16467938,dragoshh1984,2026-07-26 17:04:11.836000,0.95054
16512187,justashu,2026-07-26 12:35:46.643000,0.95054
16517397,Vojtěch Humpl,2026-07-15 19:31:19.290000,0.95054
16493052,Arasol,2026-07-14 05:53:31.156000,0.95054
16605864,Zrzr_00,2026-07-30 15:55:47.286000,0.95054
16533587,Igor Saprykin,2026-07-15 11:24:05.410000,0.95053
16467171,Taka_Kam,2026-07-23 16:20:57.746000,0.95053
16471533,zane666,2026-07-08 08:58:42.006000,0.95053
16463269,M. Syahrindra,2026-07-25 12:17:50.700000,0.95053
16566204,qwertykeypadapple,2026-07-20 01:10:15.056000,0.95053
16463708,Ákos Pintér,2026-07-05 19:13:12.306000,0.95052
16464718,Malik Halawa,2026-07-01 08:56:38.990000,0.95052
16464320,Aryan Yadav,2026-07-02 10:58:51.296000,0.95052
16465767,Afif Ali Saadman,2026-07-01 12:21:21.386000,0.95052
16483847,fjh632310030214,2026-07-05 03:35:54.063000,0.95052
16530988,Sashiya Takeguchi,2026-07-11 15:57:05.616000,0.95052
16559796,shame he,2026-07-19 13:15:27.166000,0.95052
16499908,Dwi Eflatino,2026-07-20 01:57:08.713000,0.95052
16565069,Alvin Li,2026-07-30 18:20:38.896000,0.95051
16484799,Muhammad Ibrahim,2026-07-06 07:05:05.650000,0.95051
16535310,Ruslan Potekhin,2026-07-21 18:31:24.916000,0.95051
16557334,qqjling333,2026-07-17 11:24:58.990000,0.9505
16472625,Vu Tran Hoang,2026-07-02 09:18:21.020000,0.9505
16470515,池田拓耶,2026-07-28 00:56:16.560000,0.9505
16539874,Noy Amrani,2026-07-25 17:14:25.410000,0.9505
16563391,PB Themez,2026-07-27 05:49:57.880000,0.9505
16535483,Sameera Chathuranga,2026-07-23 15:19:37.040000,0.9505
16553779,httThorn.,2026-07-16 08:30:25.693000,0.9505
16597655,JYShane,2026-07-26 02:51:01.653000,0.9505
16545138,Sergei Lepitko,2026-07-30 20:41:03.650000,0.95049
16570309,fukangzhang9,2026-07-23 03:16:03.650000,0.95049
16537064,HwangInGak,2026-07-13 09:56:39.036000,0.95049
16505375,Shigeru Kondou,2026-07-15 09:53:54.776000,0.95049
16506036,OverfitAndChill,2026-07-29 03:22:52.543000,0.95049
16466061,Clébio Júnior,2026-07-15 17:23:37.373000,0.95049
16532960,Luca Massaron,2026-07-18 14:37:31.623000,0.95048
16585815,Murat Yılmaz07,2026-07-24 11:23:57.290000,0.95048
16505172,Calaweh,2026-07-14 03:12:17.046000,0.95048
16550831,weimean,2026-07-19 08:12:04.716000,0.95048
16510988,NEXTOR,2026-07-16 04:06:23.090000,0.95048
16554737,umut baris varol,2026-07-27 11:36:00.023000,0.95048
16500201,Adilkhan,2026-07-29 09:50:24.726000,0.95048
16566105,Anuj Chaudhary,2026-07-25 11:22:30.503000,0.95047
16557892,XLPDAA,2026-07-20 08:59:19.773000,0.95047
16579940,Joe Young,2026-07-28 21:09:06.750000,0.95046
16473051,Abiram Bharathi S.A,2026-07-26 12:50:38.803000,0.95046
16613966,Pones_kaggle,2026-07-31 03:36:31.716000,0.95046
16538364,horang,2026-07-14 04:30:42.953000,0.95046
16563500,manifest manifest yapıoz,2026-07-30 08:48:15.613000,0.95045
16492679,negisosu,2026-07-20 06:29:49.790000,0.95045
16559157,stevenleehans,2026-07-18 13:19:29.560000,0.95045
16560052,Junzhe Sheng,2026-07-18 04:31:15.153000,0.95045
16477856,Mostafa Rezk1,2026-07-09 18:17:23.263000,0.95044
16612472,Wojtek,2026-07-29 14:13:01.490000,0.95044
16573488,juĵin,2026-07-30 07:12:46.596000,0.95043
16488688,Yamin Hossain,2026-07-14 09:00:44.920000,0.95043
16507605,green_black_tea,2026-07-18 18:49:25.813000,0.95043
16530900,MIYINKS,2026-07-27 05:29:02.793000,0.95043
16534649,zzhiyan,2026-07-19 03:14:05.250000,0.95043
16486952,shanaka95,2026-07-11 00:10:05.706000,0.95043
16583792,Michael888,2026-07-26 02:53:46.880000,0.95042
16506923,kif,2026-07-17 04:10:09.043000,0.95042
16471401,Ishan Mishra,2026-07-06 14:17:59.316000,0.95042
16553586,尕玛才仁拉毛,2026-07-16 07:04:07.476000,0.95042
16488185,Leo Jiang,2026-07-25 11:59:02.400000,0.95042
16498423,Ashutosh Agarwal,2026-07-21 02:24:01.723000,0.95041
16483400,Catadanna,2026-07-28 08:00:51.476000,0.95041
16578159,ShuangShuang Fan,2026-07-28 03:50:34.400000,0.95041
16537870,サポタン,2026-07-29 22:17:15.660000,0.9504
16531474,Maksim Silchenko,2026-07-21 00:39:37.400000,0.9504
16470496,Carly Hanes,2026-07-29 12:09:19.270000,0.9504
16472346,Alokik Sharma,2026-07-26 17:34:45.806000,0.9504
16464043,Blitz Crew,2026-07-05 06:54:02.190000,0.9504
16481235,wey wuy,2026-07-05 11:21:11.243000,0.9504
16618849,想去无尽海,2026-07-30 13:43:09.100000,0.9504
16486640,Razan Ihab,2026-07-30 23:15:52.983000,0.95039
16488301,NosyRuby2187,2026-07-05 07:51:18.953000,0.95039
16472318,C.E.73 STARGAZER,2026-07-27 14:19:23.256000,0.95039
16530353,mouriman,2026-07-14 06:05:06.086000,0.95039
16592462,karin,2026-07-31 03:13:33.920000,0.95039
16462592,Anas Elkot,2026-07-18 20:18:21.420000,0.95039
16584962,Lance Lee66,2026-07-24 04:34:28.923000,0.95038
16462826,Timme,2026-07-14 16:33:28.500000,0.95038
16509527,Tom Ako,2026-07-08 19:43:18.310000,0.95038
16550509,Vimukthi Hewage,2026-07-20 07:44:57.473000,0.95038
16495253,Yoongdoo Noh,2026-07-30 16:16:18.333000,0.95038
16475802,Aknot,2026-07-22 18:00:53.756000,0.95038
16464051,kenchanhodgkin,2026-07-29 16:30:51.080000,0.95038
16492783,ringbearer,2026-07-15 14:46:37.606000,0.95038
16463808,Luca Lullo,2026-07-30 07:38:13.516000,0.95037
16497661,Nick Stoddart,2026-07-08 03:41:40.646000,0.95037
16574171,aivum,2026-07-30 19:32:10.290000,0.95037
16604268,sasadai,2026-07-30 11:03:55.293000,0.95037
16514177,Jack Hilbert,2026-07-27 17:06:44.050000,0.95037
16554466,Solid_Sea,2026-07-28 05:21:37.410000,0.95037
16500938,Ajitha Arvinth,2026-07-07 19:15:02.340000,0.95037
16620738,Diadia Bogdan,2026-07-30 15:52:25.936000,0.95037
16492825,Tsubasa_00,2026-07-26 08:11:53.983000,0.95036
16468800,Emile Andrieu,2026-07-26 10:15:46.496000,0.95036
16482019,Hasan Genç,2026-07-06 05:06:01.196000,0.95036
16462549,SkibidiUzbek,2026-07-28 12:47:24.776000,0.95036
16553652,Aditya Pachpande,2026-07-23 15:20:49.713000,0.95035
16516892,Chenxi Zhao21,2026-07-11 04:25:14.006000,0.95035
16577630,there,2026-07-31 02:04:30.683000,0.95035
16467473,YDDDDDD999,2026-07-11 15:52:19.043000,0.95035
16484306,Evdilos_Ikaria,2026-07-24 08:43:11.820000,0.95035
16509405,Kareem,2026-07-20 18:11:28.623000,0.95034
16482373,Hotaru dango,2026-07-10 13:13:31.510000,0.95034
16532888,Rachit Jain,2026-07-15 20:34:15.020000,0.95034
16571161,Mur Zwi,2026-07-20 13:28:44.930000,0.95034
16472245,Hawksartelier,2026-07-19 16:00:11.446000,0.95034
16471991,Prit Tandel,2026-07-08 18:01:06.613000,0.95033
16559949,Nuk Oah Am,2026-07-18 05:40:22.713000,0.95033
16594589,Ta6leTkaa,2026-07-30 10:19:16.293000,0.95033
16492714,duckter,2026-07-27 06:51:20.476000,0.95033
16475784,AndyL,2026-07-30 21:26:11.266000,0.95033
16536258,Murari Ambati,2026-07-13 04:09:34.160000,0.95033
16510385,UnK Center Inc.,2026-07-18 21:01:59.780000,0.95033
16581266,Varun Vardhan,2026-07-25 06:55:21.670000,0.95033
16558666,Nguyen Nhut Minh,2026-07-18 06:46:33.546000,0.95033
16491357,Erick Vieira,2026-07-07 16:33:42.310000,0.95033
16462445,Gaurav Dutta,2026-07-12 11:35:27.700000,0.95032
16467568,Konstantin Chukaev,2026-07-01 17:19:49.696000,0.95032
16555389,Shivansh Yadav,2026-07-18 13:36:58.950000,0.95032
16569206,JiachengRowan,2026-07-24 06:55:59.816000,0.95032
16599694,Kir Bor,2026-07-30 16:19:54.876000,0.95032
16552720,Gloire Bisimwa,2026-07-18 10:59:00.733000,0.95032
16573673,BloodyGymVisitor,2026-07-27 08:44:57.330000,0.95032
16552969,Acoder,2026-07-30 02:02:00.240000,0.95032
16487449,yinsu mirage,2026-07-05 03:49:31.473000,0.95032
16463105,Roman Rozen,2026-07-09 09:08:42.443000,0.95032
16465257,miyu.k1aras@gmail.com,2026-07-30 05:19:36.496000,0.95031
16473450,Erwin Huizenga,2026-07-30 19:49:42.090000,0.95031
16467694,Herohito,2026-07-27 21:04:43.556000,0.95031
16597059,kminsher,2026-07-25 12:05:45.336000,0.95031
16593705,FishEnjoyTea,2026-07-29 09:05:27.086000,0.95031
16468377,Jesús Sevilla Pérez,2026-07-29 10:53:46.763000,0.95031
16557134,Cpleasance,2026-07-30 13:02:17.766000,0.9503
16481908,kazkod,2026-07-22 10:10:27.660000,0.9503
16488453,@luke,2026-07-27 05:12:17.890000,0.9503
16569966,Yoshitomo AI,2026-07-30 12:43:27.623000,0.9503
16515193,Ayesha Farooq Farooq,2026-07-19 09:46:36.066000,0.9503
16463281,Hiroko Tsuchida,2026-07-26 10:35:02.303000,0.9503
16463068,Priyesh Kumar Kashyap,2026-07-20 10:21:43.476000,0.9503
16537054,aoa,2026-07-14 01:08:25.546000,0.9503
16485276,Worst Team Ever,2026-07-22 05:51:58.816000,0.9503
16462686,Lin Jianhang,2026-07-07 15:06:41.670000,0.9503
16472924,kobby_,2026-07-29 21:07:54.966000,0.9503
16465130,Ziad Roshdy,2026-07-14 15:39:00.580000,0.9503
16470473,Georgios Nikolitsis,2026-07-27 14:23:04.273000,0.9503
16537067,BlackFans,2026-07-13 05:12:57.080000,0.9503
16531005,Sonali Karveer,2026-07-16 06:45:31.100000,0.9503
16516645,Fırat Özcan,2026-07-14 17:45:49.183000,0.95029
16514993,JBMetrix,2026-07-13 01:30:26.263000,0.95029
16606462,Anishka Ratnawat,2026-07-27 18:47:51.543000,0.95029
16537036,team-5,2026-07-14 05:07:04.310000,0.95029
16466394,ALWAYSWANNAFARM,2026-07-11 15:09:36.493000,0.95029
16612978,Pand,2026-07-30 17:47:51.343000,0.95029
16568630,Ryo.s,2026-07-19 12:54:14.763000,0.95028
16511120,RIKKA421,2026-07-10 05:42:45.393000,0.95028
16577031,Yihan Guo,2026-07-29 16:21:57.393000,0.95028
16464227,nikolaou nikolaou,2026-07-16 07:15:38.390000,0.95028
16583069,Bhuvan Patil,2026-07-21 21:34:48.116000,0.95028
16544656,akbelen sk,2026-07-27 13:23:15.023000,0.95028
16611381,Gabriel Guzman,2026-07-29 21:36:46.770000,0.95028
16464152,Senu_RR,2026-07-27 06:23:24.393000,0.95028
16481881,Saad Abdullah,2026-07-27 13:07:00.523000,0.95028
16563180,cacatuaaa,2026-07-25 16:04:16.583000,0.95027
16506297,SIDHAARTH SHREE,2026-07-31 01:04:17.170000,0.95027
16499599,mahiro,2026-07-30 15:39:08.546000,0.95027
16516339,RudraSingh0001,2026-07-30 09:19:32.340000,0.95027
16510460,mathewye0606,2026-07-12 13:32:43.300000,0.95027
16598856,Nguyễn Đăng Khoa,2026-07-27 03:01:15.913000,0.95027
16514646,Ozkr1to,2026-07-31 03:15:36.396000,0.95027
16464171,Sofia_Gilka,2026-07-30 16:33:23.283000,0.95026
16491080,h3i,2026-07-08 13:36:52.083000,0.95026
16559371,psychoTKC,2026-07-30 22:42:38.096000,0.95026
16600109,supercat,2026-07-26 15:03:01.586000,0.95026
16603427,FirmanSyah,2026-07-28 10:14:21.076000,0.95026
16556414,xiejinsong,2026-07-22 16:40:11,0.95025
16613370,qliqian,2026-07-29 15:15:29.393000,0.95025
16508987,Maxime Skryma,2026-07-10 09:27:14.353000,0.95025
16538968,mmasato,2026-07-20 09:38:42.140000,0.95025
16550984,The Greek god in charge of machine learning,2026-07-16 02:06:19.563000,0.95025
16464578,Siddhesh Sathe,2026-07-01 19:38:14.513000,0.95025
16468781,Gerald Schwartz,2026-07-28 18:34:29.683000,0.95025
16602031,Saket Kumar,2026-07-27 02:20:08.960000,0.95025
16513216,"zhou, shi-yao",2026-07-13 14:12:57.966000,0.95024
16472342,miki,2026-07-30 14:32:43.226000,0.95024
16591081,vcfgabriel20,2026-07-25 00:48:21.273000,0.95024
16555022,saliddasd,2026-07-17 06:31:29.353000,0.95024
16532567,Paulo Pinheiro,2026-07-18 20:03:34.706000,0.95024
16468581,pieego,2026-07-04 21:20:49.583000,0.95024
16512423,Khushi Gupta,2026-07-11 14:33:37.643000,0.95024
16465024,Grace Ganyilo,2026-07-30 14:41:01.423000,0.95024
16551167,RudraPratap Singh,2026-07-16 09:15:08.880000,0.95024
16509689,Utsav Italia,2026-07-28 12:38:58.636000,0.95023
16462784,KhangNDB2006,2026-07-30 09:05:43.990000,0.95023
16473171,Nirmal Patel,2026-07-08 04:12:08.683000,0.95023
16506330,Tanachai Yusamran,2026-07-31 03:37:56.590000,0.95023
16471010,Rob Schieber,2026-07-31 02:13:30.536000,0.95023
16531007,ianwulalala,2026-07-14 07:25:11.543000,0.95023
16562778,AbdElaziz El7or,2026-07-21 05:19:41.016000,0.95023
16621512,Songül Akgöz,2026-07-30 23:25:41.073000,0.95023
16501301,alyrine,2026-07-11 19:27:00.350000,0.95023
16497704,AbdullahSafwan333,2026-07-28 22:39:24.083000,0.95023
16494597,RyanWang24,2026-07-07 06:58:58.770000,0.95022
16463356,koustubhk,2026-07-11 04:50:12.266000,0.95022
16596558,Fillos,2026-07-27 09:57:56.183000,0.95022
16547896,Syed Sultan,2026-07-31 00:57:26.983000,0.95022
16485803,Kutsi Tusuz,2026-07-06 22:28:58.933000,0.95022
16468617,Stephen Tarter,2026-07-30 22:51:21.390000,0.95022
16489865,Vlad Kapitsa,2026-07-05 14:20:19.726000,0.95022
16548735,adengappa11peru,2026-07-24 09:01:30.073000,0.95022
16602173,Davi Cherete,2026-07-30 14:13:33.320000,0.95022
16534511,Mattsco,2026-07-13 12:15:36.946000,0.95022
16463072,Tom8710,2026-07-27 20:58:13.430000,0.95022
16466381,mariko f.,2026-07-30 14:41:09.686000,0.95022
16591628,lighth,2026-07-31 04:23:02.016000,0.95022
16463959,Azizul Hakim,2026-07-03 17:40:03.706000,0.95022
16564117,yang,2026-07-22 12:24:45.136000,0.95021
16583018,AramayisKh,2026-07-30 16:32:59.706000,0.95021
16549533,[Deleted] cdc4a346-7203-4333-826c-9e637e49c7c0,2026-07-15 08:18:32.533000,0.95021
16482213,n0Rollback,2026-07-03 16:04:34.740000,0.95021
16468589,Ashen sithija,2026-07-31 01:23:41.916000,0.95021
16464291,Himanshu Dhiman,2026-07-01 16:54:05.786000,0.95021
16553966,thplato,2026-07-16 08:30:41.770000,0.95021
16486402,Taylor S. Amarel,2026-07-26 21:34:52.043000,0.95021
16539439,BalpreetKaur71,2026-07-29 16:06:46.413000,0.95021
16465528,Akiyoshi Kinoshita,2026-07-30 21:14:47.616000,0.95021
16601308,Grzegorz Zawadzki,2026-07-29 19:14:51.920000,0.95021
16479670,andrewgug,2026-07-07 00:57:54.123000,0.95021
16539378,Tepore,2026-07-14 00:26:35.776000,0.95021
16466948,Grigorii IU,2026-07-19 16:07:36.783000,0.95021
16497197,ArnoldRosielle,2026-07-13 18:19:44.456000,0.9502
16574120,orangger,2026-07-21 15:22:54.576000,0.9502
16553572,loveliuxing,2026-07-16 08:59:45.973000,0.9502
16498918,Vikram Kumar,2026-07-25 19:37:03.673000,0.9502
16539623,dkzmn,2026-07-15 13:38:08.746000,0.9502
16464213,TUNA,2026-07-18 15:36:20.210000,0.9502
16488140,Santiago gesualdi,2026-07-05 18:36:33.086000,0.9502
16483895,zyq632410030209,2026-07-05 15:59:24.116000,0.9502
16501628,Sze yeoh,2026-07-20 00:44:47.610000,0.9502
16513278,MMlotfi_ML,2026-07-24 23:33:32.130000,0.9502
16565732,dembez,2026-07-31 00:47:17.486000,0.9502
16465041,llorenzo,2026-07-20 09:35:11.266000,0.9502
16499939,neeraj kumar singh,2026-07-15 16:14:01.256000,0.9502
16550428,[Deleted] 99aaf1fe-0150-44bf-a8b5-e03a26a7eede,2026-07-15 11:40:52.170000,0.9502
16584452,Metal Bosss 🤘🏽🤘🏽🤘🏽,2026-07-28 04:51:38.056000,0.95019
16546692,mdbarnes,2026-07-15 00:33:18.463000,0.95019
16533922,Supreetha Lahari.Sreeram,2026-07-17 10:58:12.476000,0.95019
16462979,Katsuhisa Fuse,2026-07-30 09:10:52.900000,0.95019
16551430,Jayant Parashar,2026-07-24 17:59:55.756000,0.95019
16484746,Nabin Shahi,2026-07-06 13:09:15,0.95019
16472359,Hamza Nazim Siddiqui,2026-07-30 13:40:49.703000,0.95019
16542359,jinwongyu,2026-07-17 06:28:44.673000,0.95019
16464149,SergeyN1942,2026-07-12 08:31:50.626000,0.95019
16473976,PavelLiashkov,2026-07-03 06:29:47.526000,0.95019
16555567,Gustavo Quevedo,2026-07-16 16:01:34.856000,0.95019
16544406,Quentin Smith2,2026-07-19 22:25:58.820000,0.95019
16470062,Egor Mashtakov,2026-07-07 22:13:47.146000,0.95018
16487417,GiskardAI,2026-07-23 13:04:42.136000,0.95018
16495102,刷起來,2026-07-19 12:40:06.853000,0.95018
16470318,Thibault KOBLER,2026-07-23 12:37:03.486000,0.95018
16487766,Alina Musteata,2026-07-04 22:39:18.990000,0.95018
16473970,Èlia Campos Villaró,2026-07-06 10:06:39.616000,0.95018
16462568,KOUSHIK KUMAR DINDA,2026-07-23 00:14:59.580000,0.95018
16570757,Ahmet Emre Öztürk,2026-07-19 15:41:20.636000,0.95018
16501004,feynman,2026-07-15 17:55:51.410000,0.95018
16509830,Lord Vader,2026-07-14 20:37:46.823000,0.95018
16499910,Sudhanthirapriya Sundaram,2026-07-11 12:31:01.113000,0.95017
16481234,Fatih Katipoglu,2026-07-10 13:55:38.003000,0.95017
16464936,nrg,2026-07-27 18:38:47.756000,0.95017
16551269,tani46,2026-07-26 03:41:05.623000,0.95017
16579703,Dona AHOUANSOU,2026-07-21 14:01:58.513000,0.95017
16579607,Aymar Avohoueme,2026-07-21 14:50:30.463000,0.95017
16474922,Kuriboh,2026-07-14 03:11:57.766000,0.95017
16590345,manudini dinushi,2026-07-29 00:12:51.790000,0.95017
16532042,r1ck.sync,2026-07-12 06:46:33.226000,0.95017
16531326,hykunnnn,2026-07-11 08:23:22.356000,0.95017
16557030,Shivangoudaa,2026-07-17 16:41:16.136000,0.95017
16601855,Ruizhe Wang,2026-07-26 15:55:35.066000,0.95017
16490328,Pedro Couto,2026-07-28 16:26:17.226000,0.95016
16501362,Ye,2026-07-30 17:15:30.586000,0.95016
16463555,Will,2026-07-03 15:52:27.173000,0.95016
16491970,Stephen,2026-07-07 04:54:53.623000,0.95016
16596347,local kanten,2026-07-25 00:45:34.710000,0.95016
16555919,ryanovovo,2026-07-21 19:09:38.880000,0.95016
16534740,Suraj S Kote,2026-07-29 06:31:06.963000,0.95016
16602024,kuaijiemei woai,2026-07-30 15:33:07.683000,0.95016
16576869,Shaf817,2026-07-20 20:03:26.863000,0.95016
16601974,Jun Goto,2026-07-27 07:35:50.526000,0.95016
16539466,Chutayu Adhittayawong,2026-07-13 13:27:47.976000,0.95016
16508561,Sadam Torres,2026-07-23 13:23:52.773000,0.95015
16471524,Senithu Ekenayake,2026-07-30 14:39:33.393000,0.95015
16608510,Keetawan,2026-07-29 14:27:04.183000,0.95015
16463211,Georgy Mamarin,2026-07-26 21:46:09.700000,0.95015
16470065,Gizem N.,2026-07-28 14:30:32.353000,0.95015
16537462,KingZooLee,2026-07-30 12:58:17.293000,0.95015
16598220,Levann Latarche,2026-07-29 21:02:04.113000,0.95015
16550466,Rozias,2026-07-17 10:14:31.023000,0.95015
16587841,Advait Wahi,2026-07-24 06:51:04.786000,0.95015
16573033,huangweihaohuang,2026-07-29 07:53:23.973000,0.95015
16569582,Nebul91,2026-07-20 08:50:38.463000,0.95014
16510528,yoonseo_0,2026-07-13 10:43:29.946000,0.95014
16489311,CortexExplorer,2026-07-05 11:31:04.336000,0.95014
16491273,Yosmel VD,2026-07-16 17:03:21.900000,0.95014
16572815,noko,2026-07-21 11:32:45.123000,0.95014
16585570,Ean Hsu,2026-07-22 12:22:54.480000,0.95014
16535558,tomstar111,2026-07-28 16:25:55.890000,0.95014
16538350,yuanshiwuyu051112,2026-07-13 10:04:00.506000,0.95014
16463869,Rugved Bane,2026-07-09 06:54:51.406000,0.95014
16486224,Dhruv verma_1010,2026-07-09 10:20:25.916000,0.95014
16540547,Szerepi Bálint,2026-07-15 10:06:25.056000,0.95014
16515800,Joy Shiu,2026-07-27 05:36:15.436000,0.95014
16565247,Waruni Manike,2026-07-18 12:28:40.073000,0.95014
16481710,Maria Taleb,2026-07-11 10:24:17.813000,0.95014
16562003,HearVo1ce,2026-07-30 03:26:38.696000,0.95014
16536949,IGNIS7,2026-07-13 07:10:32.933000,0.95014
16541352,mayukistarry,2026-07-28 13:01:30.906000,0.95014
16495054,JEC ke techies,2026-07-26 11:56:16.053000,0.95013
16464445,Mirko Caroleo,2026-07-18 15:30:18.756000,0.95013
16580099,Rabe,2026-07-21 14:53:15.653000,0.95013
16501770,Savi Kanse,2026-07-29 20:29:19.173000,0.95013
16470137,dulnade,2026-07-10 20:56:50.900000,0.95013
16494815,小等等,2026-07-31 03:18:20.503000,0.95013
16483421,Shubham Veer,2026-07-10 18:09:18.220000,0.95013
16504530,Prarabdh Misra,2026-07-12 21:26:37.096000,0.95013
16472569,ARC_2005,2026-07-05 18:42:43.790000,0.95013
16570009,zqvo04,2026-07-21 12:14:19.343000,0.95013
16495246,herok0809,2026-07-10 16:11:01.596000,0.95013
16464597,Hussaan Haroon,2026-07-30 12:17:03.043000,0.95012
16597213,Harshit Bisht,2026-07-25 07:14:12.853000,0.95012
16609033,MUHAMMAD TALHA,2026-07-28 20:41:35.993000,0.95012
16617163,Shreshth Vashisht,2026-07-30 13:11:14.430000,0.95012
16599758,Mohamed Moustfa Ghanem,2026-07-25 21:48:42.016000,0.95012
16614203,Raiyan Bin Rafique,2026-07-30 11:24:05.860000,0.95012
16463678,JONG-MIN JEON,2026-07-03 14:29:27.543000,0.95012
16579626,_DRX_,2026-07-21 15:23:37.326000,0.95012
16514265,Jonathan Chrisnaldy,2026-07-10 04:04:19.533000,0.95012
16469020,João Felix,2026-07-19 18:36:17.013000,0.95012
16472645,Mental Sky,2026-07-30 06:42:28.813000,0.95012
16462673,CJ ROCKBALL,2026-07-30 13:29:59.210000,0.95011
16579557,huanxia chen,2026-07-29 15:08:53.916000,0.95011
16532653,xaris,2026-07-19 14:36:21.876000,0.95011
16590931,Amaury Draliag,2026-07-24 08:06:59.770000,0.95011
16496463,purelilyth,2026-07-11 16:29:10.963000,0.95011
16499392,Xuanyi Liao,2026-07-10 08:23:28.600000,0.95011
16543597,Lunospital,2026-07-18 06:21:16.316000,0.95011
16494975,Garmin1013,2026-07-26 08:31:02.280000,0.95011
16539649,Lucas,2026-07-14 04:54:38.733000,0.95011
16464741,KNAI poocek,2026-07-13 09:29:33.110000,0.95011
16515599,cshara,2026-07-30 14:52:59.976000,0.95011
16495613,Adison Simanullang,2026-07-15 15:09:43.040000,0.95011
16543930,Carolin DJ,2026-07-29 08:46:28.390000,0.95011
16463732,Emre Bektas,2026-07-30 12:19:30.130000,0.9501
16485974,Kantapong,2026-07-04 15:29:56.570000,0.9501
16510537,hwikim88,2026-07-14 02:15:11.730000,0.9501
16559104,Назар Коваль,2026-07-29 21:30:44.373000,0.9501
16463261,AntonomousPrime,2026-07-02 13:55:45.596000,0.9501
16465390,Water ground,2026-07-30 15:30:02.240000,0.9501
16492733,DuDuDu0,2026-07-30 05:50:08.920000,0.9501
16569830,Edward Mugambi,2026-07-26 12:20:58.083000,0.9501
16465242,Kubang,2026-07-01 16:13:55.320000,0.9501
16542373,LeavemeAlone,2026-07-14 13:59:14.260000,0.9501
16578931,Chanchala Gorale,2026-07-23 06:27:21.643000,0.9501
16508210,rockyhg,2026-07-28 13:18:24.776000,0.9501
16549086,大川賢吉,2026-07-31 04:23:16.296000,0.9501
16603535,LXZ538,2026-07-31 04:19:14.576000,0.9501
16575604,JUAN MANUEL RESQUIN,2026-07-24 22:51:32.846000,0.95009
16464461,Liukai Song,2026-07-16 15:53:01.526000,0.95009
16468972,Pavel,2026-07-01 20:46:55.173000,0.95009
16514398,hnowa12,2026-07-11 01:29:52.180000,0.95009
16590509,Elias Strauss,2026-07-28 08:27:59.623000,0.95009
16506575,Afek Rot,2026-07-29 13:41:02.200000,0.95009
16597334,yuga sumikura,2026-07-26 06:18:49.696000,0.95009
16554009,Abiola O. Olaleye,2026-07-20 13:55:49.703000,0.95009
16557686,Michael Nguyen,2026-07-30 03:37:25.876000,0.95009
16599086,Parvez Kabir,2026-07-27 18:31:17.563000,0.95008
16514296,dlougen,2026-07-11 22:55:47.593000,0.95008
16511895,Mathew131,2026-07-09 21:23:14.633000,0.95008
16513191,Jionghao Zhu,2026-07-09 20:14:45.520000,0.95008
16508092,Felipedino,2026-07-19 16:26:38.353000,0.95008
16482107,Mika SHNHR,2026-07-30 13:54:04.540000,0.95008
16542424,Anaj Pravin,2026-07-19 06:56:06.233000,0.95008
16611196,Rafael Gomes,2026-07-28 22:44:07.836000,0.95008
16463334,Akahachi,2026-07-26 16:25:22.436000,0.95008
16510125,arnav chaturvedi123,2026-07-23 22:14:35.136000,0.95008
16480801,KK_nut,2026-07-15 00:39:59.380000,0.95008
16536419,Soumya Tiwari,2026-07-29 11:47:11.833000,0.95008
16613201,Milkomeda,2026-07-30 13:01:50.056000,0.95007
16564968,Vatsal Sindhavad,2026-07-18 16:53:20.490000,0.95007
16467983,Jason-Oh,2026-07-30 05:18:23.543000,0.95007
16570307,N00bcak,2026-07-27 10:27:28.460000,0.95007
16619237,HELEEN-Z,2026-07-31 02:15:23.686000,0.95007
16593630,Siddhu Jaykay,2026-07-24 13:43:53.873000,0.95007
16509792,Daniel Rozhkov,2026-07-12 16:46:44.566000,0.95007
16587000,QuiveringLemon,2026-07-22 19:32:05.590000,0.95007
16610986,KKai Sun,2026-07-28 21:44:32.106000,0.95007
16567652,ChrisYU2021,2026-07-21 15:29:46.776000,0.95007
16488297,Tian00,2026-07-31 02:28:56.126000,0.95007
16483137,DuckDuckQuak,2026-07-05 16:15:09.530000,0.95007
16593300,kozyunderblanket,2026-07-29 10:49:03.703000,0.95007
16551797,Manuel Santiago Atencio,2026-07-23 23:21:20.290000,0.95007
16504422,Thakur Anu,2026-07-25 06:31:38.846000,0.95007
16473366,Tatsuya Aramaki,2026-07-21 04:28:59.296000,0.95007
16485859,zhuyibo_632410030120,2026-07-05 12:03:01.056000,0.95007
16468706,jesusvivo,2026-07-06 08:07:56.683000,0.95007
16498505,mohammad javad Kamali,2026-07-30 19:52:51.063000,0.95006
16488477,mahmudulmadu,2026-07-29 05:48:08.653000,0.95006
16464078,Noussair Mighri,2026-07-03 02:24:04.373000,0.95006
16589252,madhur fritsch,2026-07-27 09:33:55.556000,0.95006
16513413,Alok Soni,2026-07-10 10:05:33.340000,0.95006
16609213,rohit186201,2026-07-30 14:16:07.590000,0.95006
16485620,Shreyansh Kanotra,2026-07-16 18:14:43.036000,0.95006
16601016,heeh thy,2026-07-30 02:44:35.840000,0.95006
16565050,yuuu-okazaki,2026-07-19 14:03:07.346000,0.95006
16538670,EYE_SAD,2026-07-13 11:39:49.086000,0.95006
16463600,James Nyoro,2026-07-06 12:40:10.060000,0.95005
16472661,Aneri,2026-07-21 05:25:30.756000,0.95005
16538344,Ali Can Gümüşrende,2026-07-13 13:13:59.133000,0.95005
16598315,Afsha Khan,2026-07-30 12:28:54.636000,0.95005
16549872,Adria Ruiz,2026-07-18 07:37:34.486000,0.95005
16466211,molifulan,2026-07-03 08:53:47.120000,0.95005
16551615,Cloud Lesson,2026-07-23 12:08:47.780000,0.95005
16472181,Romone Dunlop,2026-07-10 07:15:56.546000,0.95005
16609664,liuchengbi,2026-07-31 04:08:53.816000,0.95005
16607752,althephan,2026-07-30 21:09:04.870000,0.95005
16464244,Aroop,2026-07-10 21:53:39.176000,0.95005
16537023,Jieun Guu,2026-07-14 01:35:47.353000,0.95005
16541994,Javier Agnir,2026-07-30 11:04:59.163000,0.95005
16496790,Enrico Ambrosio,2026-07-10 14:14:14.266000,0.95005
16509069,Manan Chawla25,2026-07-14 15:24:57.563000,0.95004
16573308,bokkuzu,2026-07-20 05:54:51.720000,0.95004
16602246,박영욱욱,2026-07-31 01:36:34.306000,0.95004
16586324,ethan.ai,2026-07-29 17:58:44.256000,0.95004
16576204,Desyat IO,2026-07-25 10:58:54.310000,0.95004
16484336,kahooting kwago,2026-07-18 13:33:12.076000,0.95004
16470338,Itpl16,2026-07-30 14:53:08.916000,0.95004
16554042,xPylon,2026-07-17 10:19:42.320000,0.95004
16534343,shiva chunbuk,2026-07-18 12:16:42.463000,0.95003
16600137,Ganesha,2026-07-29 04:34:32.246000,0.95003
16467980,Samuel Patton,2026-07-28 04:14:07.696000,0.95003
16494677,Aadicv,2026-07-06 18:47:59.986000,0.95003
16576791,vsemionov,2026-07-21 15:48:09.143000,0.95003
16488747,Gio24David,2026-07-05 09:07:46.066000,0.95003
16530942,Kim Truong-Nguyen,2026-07-25 21:27:58.006000,0.95003
16491149,sachintha udan,2026-07-25 04:57:12.363000,0.95003
16463036,Ali Shahi,2026-07-19 04:05:13.826000,0.95002
16585140,shzh.wei,2026-07-27 09:55:15.080000,0.95002
16470235,Hemadri Rawat,2026-07-01 21:05:28.293000,0.95002
16533479,zdraviyatlet,2026-07-30 14:31:12.970000,0.95002
16617058,Alistair,2026-07-31 03:26:58.746000,0.95002
16495848,mutsumi,2026-07-18 17:37:37.940000,0.95002
16466551,naiQie,2026-07-11 16:07:36.890000,0.95002
16517857,FARZANA ALI,2026-07-16 20:20:24.070000,0.95002
16595249,murat unsal,2026-07-25 21:42:27.330000,0.95002
16567534,Minkyu Jung,2026-07-19 06:30:45.040000,0.95002
16472444,Kodai Fukuda,2026-07-29 12:52:48.576000,0.95001
16508002,PickleY28,2026-07-29 16:46:25.546000,0.95001
16463286,christopher obuchere,2026-07-29 05:02:23.416000,0.95001
16462951,Haojun Chen123,2026-07-18 04:36:05.743000,0.95001
16589703,solyanas,2026-07-30 19:21:38.673000,0.95001
16537609,Qem Haritsk,2026-07-14 07:43:52.013000,0.95001
16505353,dagentui,2026-07-30 09:37:16.633000,0.95001
16483808,История одной жиги,2026-07-31 02:46:14.403000,0.95
16534313,Vedant Kadam,2026-07-12 09:43:39.080000,0.95
16565091,Adel Karimian,2026-07-28 08:09:44.883000,0.95
16462427,Emanuel Lázaro,2026-07-02 00:05:57.206000,0.95
16482863,Prashant Shukla,2026-07-18 00:37:26.040000,0.95
16613461,minerppdy,2026-07-30 09:26:30.226000,0.95
16580662,Flavien Hue,2026-07-21 15:05:02.083000,0.95
16604451,Lockin_Manav,2026-07-30 06:30:33.536000,0.95
16476011,Grant Gonnerman,2026-07-23 01:18:29.866000,0.95
16494102,Shayan Zulfiqar,2026-07-21 12:57:40.356000,0.95
16573752,Yentür,2026-07-20 08:57:53.880000,0.95
16592713,ScottYork,2026-07-30 03:53:02.100000,0.95
16489772,ryota_h_desu!,2026-07-25 14:17:19.356000,0.95
16474913,r_2gis,2026-07-30 21:05:53.260000,0.95
16567205,NGBZLAAA,2026-07-22 05:42:41.010000,0.94999
16481229,Shivam Dubey,2026-07-23 05:55:31.150000,0.94999
16532064,QAZ2WSX,2026-07-11 11:53:17.403000,0.94999
16465055,wrrd,2026-07-15 09:48:34.730000,0.94999
16599600,José Márcio Arcanjo,2026-07-26 03:37:34.736000,0.94999
16463323,Abhinav Meshram,2026-07-03 20:42:59.733000,0.94999
16543974,Umar Rustamov,2026-07-22 13:45:07.036000,0.94999
16474782,kashifalikhan360,2026-07-03 12:01:48.653000,0.94999
16535034,Metin Ege ARAL,2026-07-26 13:34:16.920000,0.94999
16462844,BwandoWando,2026-07-01 08:40:13.586000,0.94999
16462878,Phoneix Algorithms,2026-07-21 09:03:56.946000,0.94999
16545408,Den Pugovkin,2026-07-14 19:52:12.323000,0.94999
16464180,Almost There,2026-07-09 21:01:18.860000,0.94999
16559262,RAHA,2026-07-26 08:41:26.513000,0.94999
16569792,Eny - Zey,2026-07-20 17:07:51.176000,0.94998
16555641,Banujan,2026-07-16 21:49:26.230000,0.94998
16508675,Isaac Morgan765,2026-07-16 15:50:30.133000,0.94998
16578794,Sushanth Tiruvaipati,2026-07-22 15:11:17.836000,0.94998
16482626,Trung Nguyen,2026-07-15 00:09:38.856000,0.94998
16533744,张张灏天,2026-07-23 07:42:05.693000,0.94998
16482007,Shadow Monarch,2026-07-04 17:00:52.643000,0.94998
16486393,harwinder_singh_766,2026-07-29 15:21:50,0.94998
16574930,Hugues Bousquet,2026-07-30 05:48:59.970000,0.94998
16468639,ewe,2026-07-19 20:57:01.953000,0.94998
16614180,Peixin,2026-07-30 16:25:41.073000,0.94997
16473132,RyanY16,2026-07-03 15:16:43.203000,0.94997
16592127,SHAODONG CUI,2026-07-26 15:28:37.950000,0.94997
16530509,ivoidz,2026-07-24 03:44:55.206000,0.94997
16467152,oliver,2026-07-30 23:17:37.730000,0.94997
16619019,qr Z1201,2026-07-30 13:47:57.583000,0.94997
16508510,Mohamed aziz blaidi,2026-07-09 15:39:35.923000,0.94997
16554709,Harshit_Agarwal_12323,2026-07-21 10:51:38.133000,0.94997
16570443,Agneay B Nair,2026-07-26 04:05:06.980000,0.94997
16552878,rs517,2026-07-17 02:09:51.020000,0.94997
16589628,Mohammed Alsaleh,2026-07-24 11:39:31.700000,0.94996
16462675,Abdullah,2026-07-30 14:33:44.523000,0.94996
16480516,Wei Hsiang Lin111,2026-07-29 11:28:34.110000,0.94996
16480237,Zhengxin Dong,2026-07-06 09:27:57.630000,0.94996
16579621,Taoufic Touré,2026-07-29 19:46:14.960000,0.94996
16602847,Nicholas Barrett,2026-07-27 09:36:12.030000,0.94996
16575028,Kurapapa,2026-07-21 15:06:35.466000,0.94996
16580307,Calum Milloy,2026-07-26 17:36:42.143000,0.94996
16600865,Moira Hou,2026-07-26 09:43:40.160000,0.94996
16493658,PiotrKley,2026-07-06 11:22:56.836000,0.94996
16574713,traumt,2026-07-24 05:46:55.156000,0.94996
16473314,Shivam #2,2026-07-07 05:32:02.153000,0.94996
16483930,zhangzhiqi_632410030112,2026-07-04 07:48:52.800000,0.94996
16484034,HuJinglei0117,2026-07-04 10:33:03.676000,0.94996
16589670,TinuMalik,2026-07-25 11:25:57.730000,0.94996
16466323,Navin P,2026-07-21 13:10:33.150000,0.94996
16468711,Parth Sarnobat,2026-07-29 17:52:29.850000,0.94995
16611590,Gnach Deraj,2026-07-30 23:53:17.926000,0.94995
16480289,yuse,2026-07-24 18:12:37.393000,0.94995
16463295,Halfcrazydeveloper,2026-07-01 10:25:19.370000,0.94995
16614193,Anu Sir,2026-07-30 07:40:42.960000,0.94995
16513135,Adventrm,2026-07-11 17:09:52.226000,0.94995
16462976,Smit Tiwary,2026-07-04 11:22:43.573000,0.94995
16492179,fake it until make it,2026-07-06 13:51:01.980000,0.94995
16557271,ikazen,2026-07-25 21:00:07.986000,0.94995
16579880,abcdefghieu,2026-07-24 03:08:06.290000,0.94995
16534690,Takuya,2026-07-29 21:41:19.513000,0.94995
16483859,ranyi_632410030207,2026-07-05 01:31:44.523000,0.94995
16500560,knai placik,2026-07-09 00:19:24.630000,0.94995
16463668,Sumantra Prajapati,2026-07-30 20:44:02.963000,0.94995
16463956,DinCaus,2026-07-03 19:42:18.533000,0.94995
16566275,Samet,2026-07-19 18:50:27.146000,0.94995
16548202,Adiya Tumurbaatar,2026-07-31 02:59:03.976000,0.94995
16462848,sol12378,2026-07-01 16:28:57.826000,0.94994
16545584,Christoffer Lundholm,2026-07-24 21:07:07.273000,0.94994
16489965,Engineer Graduate,2026-07-24 13:57:36.356000,0.94994
16489101,Aryan Mishra,2026-07-30 13:39:54.413000,0.94994
16594768,Mansour_issa,2026-07-24 20:55:52.766000,0.94994
16608605,Shuhei Kuroiwa,2026-07-28 08:36:54.253000,0.94994
16472357,Steve,2026-07-02 10:06:33.333000,0.94994
16602772,Kkktentacion,2026-07-29 04:05:31.550000,0.94994
16471634,Sahel JR,2026-07-04 15:38:41.366000,0.94994
16574477,kasumi,2026-07-20 11:31:15.843000,0.94994
16466209,Barbagrande007,2026-07-09 13:30:46.283000,0.94994
16564898,zeul vulpe zeul vulpe,2026-07-18 11:11:25.910000,0.94993
16584374,Udit Raj Singh,2026-07-22 11:46:08.010000,0.94993
16505241,Christian Galeno,2026-07-20 14:59:14.583000,0.94993
16552972,Hun Bot,2026-07-20 15:08:12.650000,0.94993
16480946,Sopor Aeternus,2026-07-03 11:11:53.993000,0.94993
16540020,Arman888,2026-07-15 18:39:10.406000,0.94993
16616630,Juyong,2026-07-31 03:25:22.820000,0.94993
16480102,Daniel Case,2026-07-31 03:37:40.216000,0.94993
16591786,choco666,2026-07-28 08:51:53.630000,0.94993
16495530,rsbhargav,2026-07-07 18:14:09.433000,0.94993
16576617,yadidiah k,2026-07-26 14:57:12.616000,0.94993
16472571,Justin Jung,2026-07-14 14:06:20.126000,0.94993
16534308,Shuhei_Ikezawa,2026-07-30 20:35:00.580000,0.94993
16556007,Kirill Osherov,2026-07-28 18:45:45.903000,0.94993
16553584,祁咣桦,2026-07-16 08:00:28.953000,0.94992
16483860,LMY_632410030119,2026-07-05 02:40:58.310000,0.94992
16600928,Joohyun Kim,2026-07-29 14:37:36.156000,0.94992
16463900,Simone Guidolin,2026-07-01 17:23:48.816000,0.94992
16483537,Sandra Hershey,2026-07-17 21:34:02.693000,0.94992
16479641,Rijal,2026-07-04 04:01:20.446000,0.94992
16607809,ws dss1294,2026-07-31 04:11:56.130000,0.94992
16585371,steve Garfield,2026-07-29 15:46:45.440000,0.94992
16602974,SonOfHector,2026-07-27 14:27:24.853000,0.94992
16536727,SeraphicPY,2026-07-13 00:18:47.276000,0.94992
16588792,Jeong Min LEE,2026-07-23 09:38:27.163000,0.94992
16490544,Aras Edeş,2026-07-09 12:51:41.800000,0.94992
16464362,NikitaChubai,2026-07-17 16:31:35.656000,0.94992
16486363,Daho Bachir Rayan,2026-07-09 18:39:49.800000,0.94992
16551675,Matthew Habermann,2026-07-25 07:37:56.796000,0.94991
16478062,George Perdrizet,2026-07-31 04:22:50.116000,0.94991
16465911,Jei_dev25,2026-07-02 13:11:13.880000,0.94991
16515614,Quang0150,2026-07-14 07:09:49,0.94991
16585153,Aryan Kumar Yadav,2026-07-27 17:37:24.220000,0.94991
16516587,Haidar Yousif,2026-07-11 20:22:35.033000,0.94991
16595164,Anish Malepati,2026-07-30 05:24:32.433000,0.94991
16465782,HitTmg,2026-07-25 16:08:25.973000,0.94991
16483856,s22990038,2026-07-18 13:05:40.513000,0.94991
16619424,Nhat Tran Hoang,2026-07-31 04:12:46.516000,0.94991
16542517,Ding Zheng Yuan,2026-07-19 06:33:41.516000,0.94991
16487162,Jsznnn,2026-07-27 03:25:55.553000,0.94991
16511848,Kim KiJun,2026-07-20 13:16:19.636000,0.9499
16592351,Reumen,2026-07-28 08:01:07.416000,0.9499
16487929,CemGB,2026-07-05 02:31:24.700000,0.9499
16486342,ToX1O1,2026-07-29 03:11:46.730000,0.9499
16468899,IvAIn,2026-07-03 15:37:57.900000,0.9499
16588252,MANAN RAMANI,2026-07-23 08:02:22.436000,0.9499
16511122,Jainish Kumar,2026-07-30 18:34:21.146000,0.9499
16472294,Abdelhafid Ammari,2026-07-28 09:14:33.620000,0.9499
16510527,ChaeEun Jung,2026-07-14 13:55:44.360000,0.9499
16581549,Karl Smile,2026-07-21 14:52:08.156000,0.9499
16604870,LIGAP666,2026-07-29 04:35:45.196000,0.9499
16568987,pinknicee,2026-07-19 13:32:34.103000,0.9499
16506602,Yoneda0917,2026-07-09 10:10:37.950000,0.9499
16566015,yli211455,2026-07-18 19:20:37.946000,0.94989
16471941,Coding made Easy,2026-07-03 06:48:10.546000,0.94989
16542405,nixotrix,2026-07-15 00:08:38.933000,0.94989
16486844,chenfangyu0216,2026-07-05 11:12:01.700000,0.94989
16470798,Mike Johnson,2026-07-19 20:48:48.346000,0.94989
16505481,HarshitRaj2601,2026-07-08 05:42:57.776000,0.94989
16496345,Team Name,2026-07-30 00:40:27.246000,0.94989
16483862,DYY_632410030116,2026-07-06 05:33:57.240000,0.94989
16555877,Altan Sener,2026-07-24 15:01:13.360000,0.94989
16471377,kosukemr4,2026-07-02 03:20:42.790000,0.94989
16472432,D043_성민제_1421710,2026-07-07 02:29:29.083000,0.94988
16470900,2021315709_ShimKiHyun,2026-07-08 05:42:49.600000,0.94988
16557002,Avelino Araújo,2026-07-16 22:44:30.893000,0.94988
16607218,Carlos Perea,2026-07-27 22:16:51.606000,0.94988
16472445,Ch Abid,2026-07-03 10:52:35.300000,0.94988
16466567,mochimaru,2026-07-17 13:34:40.273000,0.94988
16475390,Divine Demon 008,2026-07-31 03:17:33.943000,0.94988
16490575,Katsutoshi Makino,2026-07-06 01:34:25.176000,0.94988
16593186,Z1pikk,2026-07-30 00:14:52.266000,0.94988
16473465,SUPRIO DUTTA,2026-07-07 14:00:07.516000,0.94988
16487830,Cexesti,2026-07-07 00:45:08.476000,0.94988
16579155,KatsumiYabuki,2026-07-24 03:24:59.650000,0.94988
16592226,KotatechAND,2026-07-28 15:48:00.513000,0.94988
16531528,Sergio Hasher,2026-07-12 06:48:31.253000,0.94987
16474083,Pirhosseinlou,2026-07-26 23:42:45.043000,0.94987
16584302,mxt1022,2026-07-29 06:28:25.646000,0.94987
16500610,Yurii Palchynskyi,2026-07-08 14:26:20.980000,0.94987
16463664,chinju,2026-07-06 07:22:46.950000,0.94987
16498020,Laksika Tharmalingam,2026-07-07 09:54:16.176000,0.94987
16548326,Ryoga_13,2026-07-16 07:01:06.146000,0.94987
16516330,Nidhi Tiwari,2026-07-21 11:50:13.810000,0.94987
16560646,Arin Tripathi,2026-07-25 14:10:00.350000,0.94987
16494543,SHUBH SETH,2026-07-26 16:28:38.683000,0.94987
16501295,Pai,2026-07-14 19:50:54.553000,0.94987
16538582,Ratheesh Rajendran,2026-07-23 19:04:00.250000,0.94987
16464945,Nick,2026-07-01 21:34:49.450000,0.94987
16542108,Chakrabhuana V  Deva,2026-07-25 12:40:38.066000,0.94986
16486062,Quinton Pang Yi Xuan,2026-07-06 08:28:42.500000,0.94986
16485208,CokeNoIce,2026-07-29 03:49:56.836000,0.94986
16471550,Anjana mohan,2026-07-10 19:07:58.280000,0.94986
16551527,Emilia_ZET,2026-07-27 11:19:31.373000,0.94986
16566093,Fernando Pedroso,2026-07-30 03:05:37.230000,0.94986
16473376,Manthan Waghela,2026-07-29 17:54:53.016000,0.94986
16578144,Yong Jun Fai,2026-07-22 03:04:36.266000,0.94986
16495216,Mone Idekoba,2026-07-30 16:15:15.113000,0.94986
16507497,zhangyuming01,2026-07-13 06:52:15.363000,0.94986
16474074,Hafida Belayd,2026-07-02 22:25:06.046000,0.94986
16555986,Vachan,2026-07-21 16:14:26.173000,0.94986
16576892,Ali Cenk Baytop,2026-07-20 22:44:05.026000,0.94986
16558024,SU SONG CHI,2026-07-27 09:49:59.460000,0.94986
16514978,Satvik Jain,2026-07-27 04:20:55.526000,0.94985
16471487,HIKARU KOWATA,2026-07-27 20:09:18.176000,0.94985
16501756,shiro,2026-07-10 11:20:19.556000,0.94985
16585002,Justine Lopez,2026-07-29 16:14:44.326000,0.94985
16516864,mktdev,2026-07-11 14:52:34.866000,0.94985
16532610,Yizhang Lou,2026-07-11 16:07:14.670000,0.94985
16463693,Sergey Alexandrow,2026-07-03 14:43:21.383000,0.94985
16534933,ShengYang Lian,2026-07-13 12:04:07.803000,0.94985
16479659,Koki Funahashi,2026-07-04 09:13:28.666000,0.94985
16598239,Kashif Ali,2026-07-25 13:33:45.663000,0.94985
16598149,sonnef,2026-07-25 13:50:43.406000,0.94985
16486826,OmarVivas,2026-07-13 13:30:36.270000,0.94985
16496389,Arnie Jimenez,2026-07-07 14:16:08.596000,0.94984
16537021,Yujin0531,2026-07-19 02:34:12.276000,0.94984
16538696,ysoo,2026-07-13 20:11:18.806000,0.94984
16493203,Rishi Dommeti,2026-07-30 20:17:05.820000,0.94984
16538580,Sarthak Tyagi,2026-07-24 12:51:47.360000,0.94984
16532051,Mahdi Motalebi,2026-07-15 11:48:27.916000,0.94984
16463639,Hugo Pascual-Alonso,2026-07-06 14:43:37.520000,0.94984
16487825,Dawheat,2026-07-30 00:16:40.210000,0.94984
16537172,yuxi_00,2026-07-13 08:27:10.743000,0.94984
16575692,Poojashree V,2026-07-29 08:14:12.706000,0.94984
16570645,e1479h,2026-07-29 05:26:58.956000,0.94984
16534245,BHUVARAGAR MOHANKUMAR,2026-07-19 12:10:57.446000,0.94984
16580105,Shreyas Chaudhary,2026-07-22 08:23:12.353000,0.94983
16570911,Nitin Singh Rawat,2026-07-24 11:00:21.456000,0.94983
16540919,nicepi,2026-07-16 06:42:46.123000,0.94983
16609667,Sahil Kayastha,2026-07-28 13:07:11.210000,0.94983
16550306,德鲁维尔,2026-07-27 18:45:33.493000,0.94983
16538356,oh jung ho,2026-07-13 14:02:52.410000,0.94983
16532200,Supanat Khaodhiar,2026-07-14 12:31:56.200000,0.94983
16470048,Krittika Agrawal,2026-07-28 12:33:42.846000,0.94983
16533778,Bingo,2026-07-12 12:22:58.966000,0.94983
16559105,yuuta ozeki,2026-07-31 04:02:13.763000,0.94983
16481055,_swa___,2026-07-30 14:05:56.236000,0.94983
16533819,yamashuuu,2026-07-12 06:07:25.046000,0.94983
16591799,Devin Picciolini,2026-07-24 09:01:00.330000,0.94983
16551564,washidesu,2026-07-30 17:17:22.293000,0.94982
16566405,Kirill Filippov,2026-07-30 19:27:28.470000,0.94982
16463368,Patrick M.,2026-07-24 15:25:09.813000,0.94982
16491413,raouf lounis,2026-07-13 16:56:06.676000,0.94982
16489632,Ekaterina_Sergeeva,2026-07-06 14:53:21.436000,0.94982
16483865,y-632410030114,2026-07-06 03:49:40.776000,0.94982
16594352,GravityDrowned,2026-07-27 13:49:51.030000,0.94982
16622797,Hafiz Atif Ali,2026-07-31 03:42:15.603000,0.94982
16472141,King UNNAT,2026-07-14 07:54:15.520000,0.94982
16560595,Md Sani28,2026-07-21 16:14:16.910000,0.94982
16537022,woojin,2026-07-14 11:30:40.503000,0.94982
16534796,huzhililll,2026-07-26 13:23:33.436000,0.94982
16532364,Tomás Travis,2026-07-12 17:25:02.146000,0.94982
16485546,Belyaev Nikita,2026-07-15 19:50:04.586000,0.94982
16553553,Zhao Jiuzhen,2026-07-16 08:29:10.240000,0.94982
16468346,Fuagra,2026-07-24 11:35:41.586000,0.94981
16532250,Baha Enes Ören,2026-07-17 18:05:09.833000,0.94981
16577132,Евгений Мурзин,2026-07-23 17:23:02.303000,0.94981
16509403,Azamat Sadikov,2026-07-11 01:44:57.273000,0.94981
16533049,Duck Crasher,2026-07-11 17:41:50.576000,0.94981
16463741,Vladimir Mijatovic,2026-07-02 11:58:22.936000,0.94981
16548470,caber1810,2026-07-16 06:14:22.690000,0.94981
16490859,Kam Mehr,2026-07-13 19:09:01.486000,0.94981
16562269,Olli Väinölä,2026-07-18 05:23:09.713000,0.94981
16621816,Sameer Ahmed,2026-07-30 17:57:29.553000,0.94981
16508946,Anirudh Sahu,2026-07-08 17:26:36.750000,0.94981
16566248,Unbelievable,2026-07-19 08:22:29.420000,0.94981
16470134,Clark Kitchen,2026-07-02 00:48:31.603000,0.94981
16497322,Abhinav Neelam,2026-07-26 20:58:32.083000,0.9498
16566196,Sh1rin_Khan,2026-07-29 12:42:29.736000,0.9498
16511773,Tachyonos,2026-07-10 12:05:48.840000,0.9498
16588897,North L,2026-07-23 09:13:02.553000,0.9498
16580619,Tsvetomir Mihaylov,2026-07-22 08:14:02.660000,0.9498
16475010,Murcelot,2026-07-06 11:17:50.430000,0.9498
16574825,tomasa2,2026-07-24 21:20:09.583000,0.9498
16491845,OldTowBoi,2026-07-12 03:45:10.163000,0.9498
16511800,Chirapathleo Saelim,2026-07-14 10:35:59.533000,0.9498
16517068,İbrahim Öztürk,2026-07-20 23:12:45.853000,0.9498
16531132,河瀬　蒼央,2026-07-19 15:54:38.020000,0.9498
16614406,Sameh Selem,2026-07-29 20:31:41.080000,0.9498
16611775,Chí Thành Đỗ,2026-07-29 13:04:26.166000,0.9498
16534060,nk,2026-07-26 12:27:25.656000,0.94979
16475189,Joe1024,2026-07-06 14:15:18.633000,0.94979
16486210,Kshitij,2026-07-26 10:12:23.580000,0.94979
16605635,[Deleted] 8a7d3d93-28ee-4b11-858d-b6cd166946ae,2026-07-28 02:15:34.063000,0.94979
16611514,Datta Dhebe,2026-07-29 01:19:03.810000,0.94979
16536974,hzr111,2026-07-13 11:53:02.026000,0.94979
16480074,Nikita Arsenov,2026-07-17 06:10:32.250000,0.94979
16466278,SKasy,2026-07-01 15:21:48.990000,0.94979
16462847,SOURJYA MUKHERJEE,2026-07-01 04:41:38.150000,0.94979
16472030,Vishal Bharman,2026-07-02 12:55:55.313000,0.94979
16603539,Wang Yayan,2026-07-31 02:15:25.950000,0.94979
16587689,diskm25,2026-07-31 00:40:08.066000,0.94979
16465258,Sahir Maharaj,2026-07-30 15:00:33.030000,0.94979
16600588,Calvin LAN Tianwei,2026-07-26 07:13:30.443000,0.94979
16608365,Richard,2026-07-28 11:00:54.146000,0.94979
16508416,vijay thurimella,2026-07-15 16:23:31.666000,0.94979
16474209,kartik Sah,2026-07-06 12:41:45.900000,0.94979
16480204,Vansh Uttam,2026-07-15 10:24:36.743000,0.94979
16573937,WwHAHAHA,2026-07-20 08:46:18.223000,0.94978
16492604,Repala Manideep,2026-07-06 09:44:29.923000,0.94978
16567016,TOKEK LIAR,2026-07-20 04:16:55.666000,0.94978
16474529,SebKay,2026-07-10 13:12:49.173000,0.94978
16592716,HoraceLee,2026-07-29 14:58:20.546000,0.94978
16600112,Daksh Bhalala,2026-07-29 01:40:18.103000,0.94978
16509580,Peach Hunter,2026-07-14 22:39:57.200000,0.94978
16540635,sxxxxn yang,2026-07-17 17:23:19.623000,0.94978
16481759,rupsa roy,2026-07-30 16:23:19.300000,0.94978
16483813,Nakamura Sunao,2026-07-19 08:41:55.610000,0.94978
16517265,Prithvi,2026-07-20 15:16:06.046000,0.94977
16481576,Yanagiguchi,2026-07-04 09:30:59.423000,0.94977
16557505,kent,2026-07-17 07:56:10.836000,0.94977
16513529,EndlessHorizon_qi,2026-07-13 19:52:20.353000,0.94977
16510538,JunSoo,2026-07-14 15:00:26.200000,0.94977
16463372,DIJIN DOMINIC,2026-07-06 13:07:21.793000,0.94977
16596947,Hasitha_,2026-07-26 07:37:33.466000,0.94977
16475914,Md. Mahidul Islam Mahi,2026-07-03 00:56:38.103000,0.94977
16601899,Einbaum Von,2026-07-27 10:17:01.480000,0.94977
16496981,Hanyuuuuu,2026-07-06 23:24:03.066000,0.94976
16596855,iwanmingsen,2026-07-27 09:46:52.966000,0.94976
16579660,Czzzzzln,2026-07-22 01:32:37.240000,0.94976
16611755,Mars Davletshin,2026-07-30 05:45:52.343000,0.94976
16506273,Team AlphaML,2026-07-27 05:53:28.780000,0.94976
16555968,Nikitas Rafael Nikitas,2026-07-30 22:47:53.820000,0.94976
16617176,Jamal Uddin Tanvin,2026-07-30 06:04:13.886000,0.94976
16472918,Vladimir Annenkov,2026-07-02 13:52:23.396000,0.94976
16471603,Tetsuya Sasaki,2026-07-07 07:54:56.240000,0.94976
16620420,nishchal jain,2026-07-31 04:20:47.040000,0.94976
16530266,zzgtylors,2026-07-22 04:35:48.103000,0.94976
16606672,Shashini Adhikari,2026-07-29 18:59:06.840000,0.94976
16488953,PRINCE KUMAR YADAV,2026-07-29 10:50:05.513000,0.94976
16538027,anjfhwjdgo,2026-07-14 14:04:07.410000,0.94976
16514685,Moch. Andri Setiawan,2026-07-10 08:20:55.363000,0.94976
16508020,El Fiii,2026-07-27 21:59:20.093000,0.94976
16607726,didoqueen123,2026-07-28 03:52:27.620000,0.94976
16580603,Jeffery Jerome Harris,2026-07-21 12:30:20.833000,0.94975
16505181,chongyan shi,2026-07-17 02:57:01.313000,0.94975
16462736,Aki,2026-07-10 04:54:34.723000,0.94975
16464752,菲比啾比,2026-07-05 01:40:21.420000,0.94975
16578784,Rohan Dsouza,2026-07-27 09:58:08.853000,0.94975
16483877,我累铜泥丸,2026-07-05 04:18:03.850000,0.94974
16483853,Sunjiaqi632410030203,2026-07-06 07:08:25.983000,0.94974
16612045,seansean,2026-07-29 09:07:05.030000,0.94974
16493178,松田龍之介,2026-07-22 15:48:46.596000,0.94974
16505482,tuboa2,2026-07-10 07:09:32.006000,0.94974
16492735,Causal Intelligence,2026-07-06 15:11:11.006000,0.94974
16482590,Vsidha,2026-07-21 10:17:20.533000,0.94974
16553733,程鹏,2026-07-16 06:42:00.360000,0.94974
16483925,LiuChang0206,2026-07-06 08:28:32.773000,0.94974
16488974,Jai Kapoor,2026-07-05 10:25:35.263000,0.94974
16553570,guomingzhong1,2026-07-16 08:29:09.856000,0.94974
16483379,Oleg Melnik,2026-07-04 12:24:15.670000,0.94973
16513309,Abhinay Krishna Bodi,2026-07-12 21:00:34.466000,0.94973
16483108,kazu,2026-07-05 18:00:47.246000,0.94973
16580887,ibrahim vatansever,2026-07-24 12:17:24.883000,0.94973
16464633,Milan Nagy,2026-07-22 18:27:23.203000,0.94973
16463386,Alibay Alili,2026-07-28 13:55:54.590000,0.94973
16495305,subham acherjee,2026-07-23 15:09:56.460000,0.94973
16565092,Pavly Awad Ayoub,2026-07-18 16:45:41.150000,0.94973
16475049,nanare,2026-07-16 21:22:15.716000,0.94973
16587994,caijiahuisada,2026-07-24 05:38:16.733000,0.94973
16537415,Anshika Jain,2026-07-14 05:40:50.823000,0.94973
16512299,SIMRAN KAUR,2026-07-16 14:17:22.536000,0.94973
16594774,Aditya Dube,2026-07-25 04:04:05.840000,0.94973
16490707,SSSSSSEon,2026-07-22 08:38:02.366000,0.94972
16597719,Yilan Zhu,2026-07-26 07:52:23.026000,0.94972
16601142,sifan077,2026-07-26 09:50:18.273000,0.94972
16484445,Er.Unique,2026-07-25 23:57:06.800000,0.94972
16475698,たかゆき,2026-07-03 06:09:00.613000,0.94972
16486642,giorgiadamia,2026-07-12 16:24:56.413000,0.94972
16483904,xiezhengxi_0128,2026-07-04 13:29:58.656000,0.94972
16516617,Akrome,2026-07-10 16:37:40.443000,0.94972
16475643,Claudio Sturaro,2026-07-06 23:57:03.496000,0.94972
16579616,Hilarus,2026-07-21 14:53:05.753000,0.94972
16475280,Khadidja Daouadi,2026-07-14 19:43:18.443000,0.94972
16514462,Samuel Santiago,2026-07-10 01:04:13.093000,0.94972
16575222,ma2,2026-07-21 10:51:56.050000,0.94972
16489204,Akash R Ashok,2026-07-05 12:38:01.400000,0.94972
16510211,HoJoonYun,2026-07-17 21:41:19.440000,0.94972
16553948,q200430,2026-07-16 07:44:10.413000,0.94972
16605446,kelly0913,2026-07-27 13:18:03.446000,0.94972
16495354,Bruno Kowal 1,2026-07-11 16:33:28.260000,0.94972
16479748,Adrian Bravo,2026-07-05 03:28:31.576000,0.94971
16463613,YAJAT PAWAR,2026-07-03 11:43:21.020000,0.94971
16484459,Conan,2026-07-12 10:52:05.390000,0.94971
16468673,Kemal Musab Dayioglu,2026-07-21 20:41:23.536000,0.94971
16486872,PLeary03,2026-07-05 00:23:31.943000,0.94971
16536108,Ashish Bharti,2026-07-13 09:52:09.766000,0.94971
16516741,Zyy7390,2026-07-13 16:26:38.293000,0.94971
16472607,John Wincel Marino,2026-07-13 11:07:14.116000,0.94971
16594700,Gobiha Mahenthiran,2026-07-25 17:43:30.043000,0.94971
16481057,Muhammad Aiesh,2026-07-18 08:48:20.713000,0.9497
16475025,Chris X,2026-07-19 19:32:38.280000,0.9497
16515968,simplecar,2026-07-10 11:12:25.580000,0.9497
16517593,Jenny Luo,2026-07-11 07:15:10.566000,0.9497
16467832,yoonick,2026-07-03 13:12:00.296000,0.9497
16537973,karu,2026-07-28 07:03:56.660000,0.9497
16498685,NTS-VN,2026-07-07 13:22:55.546000,0.9497
16507701,Aruneshwaran,2026-07-08 18:38:11.103000,0.9497
16511338,c_minjun,2026-07-14 01:44:31.920000,0.9497
16462424,aloneatthemoon,2026-07-29 07:34:58.090000,0.9497
16553855,lixiaolan040522,2026-07-16 09:16:00.706000,0.9497
16485931,Eugene_Wu,2026-07-17 07:56:17.756000,0.9497
16501858,xndr_f,2026-07-12 12:13:54.730000,0.9497
16495551,t-enstar,2026-07-06 15:13:02.060000,0.9497
16591327,Kenaj Washington,2026-07-25 15:18:41.023000,0.9497
16463806,Johann Mathew,2026-07-01 15:50:10.066000,0.9497
16559091,Madara Bqdullagahapitiya,2026-07-17 13:06:01.430000,0.9497
16487883,Keya Dobriyal,2026-07-30 06:20:07.513000,0.9497
16540090,KoreVortex,2026-07-22 15:09:24.040000,0.9497
16482659,Aman Vishwakarma,2026-07-05 12:16:26.270000,0.9497
16606958,Arshii_002 !!!,2026-07-30 22:21:21.520000,0.94969
16510937,Thilina Bowatta,2026-07-23 19:35:02.066000,0.94969
16555766,ِِAmer Ziad,2026-07-17 20:46:49.886000,0.94969
16571456,Thang Nguyen Huy,2026-07-20 08:16:13.906000,0.94969
16501375,Pavan Sai.D,2026-07-28 10:03:05.640000,0.94969
16493923,Aditya Raj Singh,2026-07-29 17:01:18.703000,0.94969
16474550,Goran Jarić,2026-07-03 05:28:12.160000,0.94969
16535620,Solidx74 (Kareeb Sadab),2026-07-13 03:32:44.756000,0.94969
16549835,Hilmi Artun Oyman,2026-07-16 06:50:20.916000,0.94969
16464694,Srihari Vandanapu,2026-07-03 15:00:10.136000,0.94969
16550549,Apr1L,2026-07-16 14:28:31.033000,0.94969
16552671,Tatsumi,2026-07-19 04:55:45.326000,0.94969
16464575,Murat Emre YÜCEL,2026-07-02 12:03:28.030000,0.94968
16538645,Sora Yamaji,2026-07-30 22:21:28.963000,0.94968
16470703,amirhossein karimiee,2026-07-12 22:51:55.690000,0.94968
16512098,Youssef Aoun,2026-07-12 14:11:25.056000,0.94968
16486122,Old Boy,2026-07-07 12:56:34.223000,0.94968
16513021,tuannm3812,2026-07-26 08:25:05.933000,0.94968
16585826,Andaç Demirdelen,2026-07-29 07:42:15.793000,0.94968
16462907,Son The Phuong,2026-07-01 09:02:51.893000,0.94968
16488236,Satya,2026-07-08 08:43:58.473000,0.94968
16554975,Yoshi22,2026-07-18 14:22:51.283000,0.94968
16493471,alesia316,2026-07-09 09:05:40.596000,0.94968
16483368,sirdump,2026-07-04 07:58:39.676000,0.94968
16542431,Darko Androcec,2026-07-16 10:33:48.783000,0.94968
16566941,Reilly,2026-07-19 05:05:52.240000,0.94968
16614022,Mmmayer,2026-07-29 18:04:20.316000,0.94968
16622351,Laharika Koneru,2026-07-31 00:19:10.203000,0.94968
16475427,mmcuda,2026-07-04 04:14:25.023000,0.94967
16533523,RohitChips,2026-07-24 07:04:45.176000,0.94967
16483287,毎食カップラーメンMAN,2026-07-04 10:09:27.340000,0.94967
16570988,Mihisara Nithadya,2026-07-30 22:59:28.630000,0.94967
16607765,Rhys Hicks,2026-07-28 08:18:04.900000,0.94967
16566871,Brent Wolf,2026-07-19 23:06:08.930000,0.94967
16575135,Mohit Khade13,2026-07-28 12:37:56.873000,0.94967
16487759,Anton :),2026-07-27 09:58:14.206000,0.94967
16464881,Bryce Chambers,2026-07-09 03:20:44.383000,0.94967
16491054,Gururaj Krishna Sharma,2026-07-08 16:28:43.543000,0.94967
16462728,Meg,2026-07-02 15:51:52.230000,0.94967
16501572,Jo-fai Chow,2026-07-08 02:11:57.523000,0.94967
16610381,cjh,2026-07-28 17:49:10.786000,0.94967
16471122,jjamppongmandu,2026-07-13 06:00:04.513000,0.94967
16532899,Kayden Schwartz,2026-07-18 21:38:50.276000,0.94967
16464267,Corentin Jay,2026-07-14 07:45:26.550000,0.94966
16566217,Xian Xu,2026-07-19 05:31:01.060000,0.94966
16597592,Peaceman1,2026-07-29 19:05:13.853000,0.94966
16466652,ML learner,2026-07-30 16:36:27.256000,0.94966
16591133,tanmi1573,2026-07-26 16:41:10.873000,0.94966
16536355,Purujeet Singhal,2026-07-12 20:35:03.430000,0.94966
16561270,Jaak Simm,2026-07-18 02:42:13.836000,0.94966
16511455,privatebell,2026-07-17 17:41:37.706000,0.94966
16531600,PEDDU1,2026-07-11 17:23:00.903000,0.94966
16467390,ねこかん,2026-07-06 14:08:32.206000,0.94966
16531755,Edosuyi Enosakhare,2026-07-18 10:37:47.956000,0.94966
16504908,JesusNaranjo1481,2026-07-12 15:07:51.186000,0.94965
16534595,UnRealYoussef,2026-07-30 10:13:01.580000,0.94965
16584045,Dan Brag,2026-07-28 18:16:42.130000,0.94965
16619397,Seungyeon,2026-07-30 14:31:45.083000,0.94965
16539888,Vasuda_5,2026-07-27 17:59:01.733000,0.94965
16475724,theWayIAm,2026-07-07 15:29:43.833000,0.94965
16462902,INJOO KIMISJACOB,2026-07-01 03:19:24.700000,0.94965
16463489,Kazoric,2026-07-01 18:02:11.863000,0.94965
16496098,Igor Gikalo,2026-07-09 20:42:42.086000,0.94965
16462949,Michael H.,2026-07-27 03:08:16.786000,0.94965
16558168,Ganesh Beldar,2026-07-17 07:41:31.193000,0.94965
16586660,KKY,2026-07-23 01:42:01.983000,0.94964
16515239,Nikita Vasilenko,2026-07-13 04:29:13.796000,0.94964
16506563,Richard Stoiberer,2026-07-10 10:41:50.753000,0.94964
16573903,Lục Phương Nhất Tọa,2026-07-22 07:38:48.193000,0.94964
16484342,Tharuka Pavith,2026-07-05 11:26:47.346000,0.94964
16485596,Hayden Gyde,2026-07-19 07:54:17.686000,0.94964
16611325,Adama Traore,2026-07-30 19:07:12.896000,0.94964
16588505,BloodCoder,2026-07-23 10:17:43.236000,0.94964
16536781,Ali Ezzat,2026-07-13 19:57:21.026000,0.94964
16532603,oliviusdm,2026-07-12 02:03:03.733000,0.94964
16486331,Z-44,2026-07-15 15:45:22.480000,0.94964
16510541,suzzykim,2026-07-15 01:43:35.723000,0.94964
16557734,CleverEagleDev,2026-07-17 15:47:53.883000,0.94964
16590281,sahan chthuranga,2026-07-29 02:18:18.350000,0.94963
16508335,GrayBird,2026-07-17 17:16:42.483000,0.94963
16579619,exaucedossou,2026-07-21 14:12:33.916000,0.94963
16561365,shun,2026-07-21 11:46:50.710000,0.94963
16578002,Mahima Shital Sanghvi,2026-07-23 17:53:12.400000,0.94963
16605760,Ben DuPey,2026-07-29 16:20:24.600000,0.94963
16491463,Parastoo F,2026-07-26 17:18:56.076000,0.94963
16479568,Ivan1625,2026-07-22 08:26:11.303000,0.94963
16534251,BenjaminAaron,2026-07-12 10:44:55.403000,0.94963
16561278,Fourmyle Of Ceres,2026-07-21 00:10:40.776000,0.94963
16617966,Messizhanletian,2026-07-31 01:44:46.340000,0.94963
16596485,MD Shafayetur Rahman,2026-07-31 04:15:07.323000,0.94963
16488559,Godzillax,2026-07-17 10:40:23.240000,0.94963
16548546,TianSang12,2026-07-17 04:02:27.826000,0.94963
16561330,shun takinami,2026-07-27 18:46:11.756000,0.94962
16532802,Xuyuyang943,2026-07-16 16:11:42.913000,0.94962
16501348,Jose M. Martinez,2026-07-26 05:43:02.193000,0.94962
16577992,Shayaan Haq,2026-07-25 21:39:24.693000,0.94962
16599736,Oussama GUELFEN,2026-07-30 23:41:36.013000,0.94962
16576194,Qianhua Huang,2026-07-21 11:47:32.803000,0.94962
16467137,Anirudh K,2026-07-02 14:57:06.530000,0.94962
16547956,nkmr,2026-07-30 07:34:31.740000,0.94962
16464380,Ankit XII C 6773 roll 5,2026-07-05 16:25:30.343000,0.94962
16504362,Mohammed salah aldeen,2026-07-08 03:22:02.620000,0.94962
16498399,Dr Anil Kumar Dubey,2026-07-20 10:10:11.570000,0.94961
16577086,"Yet, WiaLive !",2026-07-22 18:45:27.653000,0.94961
16559527,Jiang Ryan,2026-07-22 03:32:42.326000,0.94961
16616576,Aib DIssana,2026-07-30 17:43:10.020000,0.94961
16614293,Akila Isuru Bandara Dissanayake,2026-07-31 01:53:21.313000,0.94961
16592488,Rahima Ayazi,2026-07-29 04:25:16.760000,0.94961
16465104,Francesco Zaccaria,2026-07-05 10:53:50.450000,0.94961
16569723,Abid Mohammad Jawad,2026-07-21 04:51:30.433000,0.94961
16583791,blank_hy,2026-07-23 04:41:54.790000,0.94961
16465846,Omar Faruq,2026-07-27 03:02:08.896000,0.94961
16417642,baseline_submission.csv,2026-06-23 01:46:22.626000,0.94961
16601363,jagadish gurushankar,2026-07-26 10:08:21.093000,0.94961
16485358,BLANDCorporatio,2026-07-27 06:22:13.270000,0.94961
16481827,Galza98,2026-07-10 13:14:43.773000,0.94961
16472249,Luca Basanisi,2026-07-14 15:06:03.763000,0.94961
16544422,Anesh Us,2026-07-15 00:37:37.686000,0.9496
16585411,JeffFosterUK,2026-07-22 13:01:20.443000,0.9496
16597199,Abel 1111,2026-07-26 05:01:32.893000,0.9496
16468323,Otchym Grazny,2026-07-16 15:42:40.633000,0.9496
16532533,Vo Nguyen Phat,2026-07-15 12:44:52.366000,0.9496
16559018,Raheha Fazie,2026-07-20 04:45:39.400000,0.9496
16506490,yoshi1620,2026-07-19 14:17:37.386000,0.9496
16612510,xixixi288,2026-07-30 05:10:29.663000,0.9496
16553563,gzy231,2026-07-16 09:17:38.940000,0.9496
16474728,Carlos Junior,2026-07-17 08:18:08.013000,0.9496
16484344,Mingfang Chang,2026-07-05 15:27:56.730000,0.9496
16485291,morpeN1,2026-07-05 14:24:14.640000,0.9496
16574521,Zih-Chen Hung,2026-07-30 12:47:10.016000,0.9496
16618850,Ryoya Kochiyma,2026-07-30 14:03:51.206000,0.94959
16481026,Jabid Muntasir,2026-07-12 18:31:08.580000,0.94959
16504420,Elowry,2026-07-13 22:36:46.890000,0.94959
16465380,Sibusiso mahlangu,2026-07-21 13:44:57.910000,0.94959
16623618,Jiayi Tang,2026-07-31 02:30:42.976000,0.94959
16567175,icefireable,2026-07-20 07:51:34.173000,0.94959
16471928,Lalit sonawane,2026-07-08 18:30:06.483000,0.94959
16553773,kotarohataa,2026-07-24 00:30:39.383000,0.94959
16535427,Rasssed,2026-07-12 16:23:16.400000,0.94959
16484334,dfzr_666,2026-07-04 12:16:35.836000,0.94959
16497967,Siri Kali,2026-07-14 06:30:53.446000,0.94959
16495237,Rishi Raj Singh Dixit,2026-07-15 07:07:38.823000,0.94958
16611401,Markuss Saule,2026-07-29 00:53:01.786000,0.94958
16561998,Salman Awaise,2026-07-18 12:01:16.833000,0.94958
16540218,wonofone,2026-07-18 04:51:55.596000,0.94958
16571690,RodneyV,2026-07-19 18:58:52.473000,0.94958
16498002,EFu9954,2026-07-17 20:08:45.996000,0.94958
16602123,Sad Itou,2026-07-26 20:09:42.366000,0.94958
16516191,Mahin Thilakarathna,2026-07-16 14:42:48.830000,0.94957
16607705,Tài Giáp Văn,2026-07-28 03:46:25.590000,0.94957
16464884,FranK yan,2026-07-01 14:02:07.106000,0.94957
16496422,nyjehh,2026-07-10 16:19:47.363000,0.94957
16463985,과적합금지구역,2026-07-02 07:18:29.293000,0.94957
16587347,Mansi31,2026-07-23 15:12:07.223000,0.94957
16511437,wellorbetter,2026-07-13 02:49:23.503000,0.94957
16488955,Gaurav kumar,2026-07-14 14:32:24.930000,0.94957
16574375,yinyan7820,2026-07-21 03:25:59.350000,0.94957
16465347,Sarvesh Chhetri,2026-07-28 15:44:35.230000,0.94957
16482774,Leandro Sanchez B,2026-07-27 18:01:31.093000,0.94957
16564255,Lucia_JC,2026-07-24 09:19:09.963000,0.94957
16572699,OZEKI　RYOTA,2026-07-29 07:35:03.553000,0.94957
16485294,Михаил,2026-07-04 09:34:28.213000,0.94957
16491733,Isabella McCoy,2026-07-27 01:06:10.330000,0.94957
16464141,Sai Vamshi B,2026-07-12 17:30:05.866000,0.94956
16472840,arjun_arora17,2026-07-05 09:45:52.606000,0.94956
16507511,Hairbel,2026-07-15 11:04:10.200000,0.94956
16550193,Saurav Kumar,2026-07-16 08:00:28.833000,0.94956
16601428,Ping Zhi Tan,2026-07-26 14:50:44.856000,0.94956
16488100,MD Nahid,2026-07-07 03:28:09.490000,0.94956
16558723,sepehr masoudizad,2026-07-17 11:00:46.800000,0.94956
16509055,Harika Varada,2026-07-09 18:19:27.883000,0.94956
16592476,Nurasik12,2026-07-29 05:10:27.440000,0.94955
16474750,Kimberly Dawap,2026-07-03 19:51:08.116000,0.94955
16491550,Nil Sinyaev,2026-07-09 22:23:08.063000,0.94955
16512317,David C. Langat,2026-07-24 05:21:22.713000,0.94955
16490170,Amirudin Solech,2026-07-15 04:23:36.366000,0.94955
16463436,teekay,2026-07-19 07:40:13.723000,0.94955
16466787,TBRTRL,2026-07-05 14:50:10.590000,0.94954
16559462,kazuki_kazukazu,2026-07-28 07:59:39.936000,0.94954
16538851,Mohammed HADANI,2026-07-13 14:47:30.236000,0.94954
16510808,Kimnakjun,2026-07-14 03:56:27.646000,0.94954
16533518,Mariano Gruszka,2026-07-12 15:53:43.476000,0.94954
16549187,Taylor,2026-07-15 08:22:53.400000,0.94954
16484240,Lu Mingming,2026-07-06 12:56:41.213000,0.94954
16463533,Alberto,2026-07-11 14:39:13.433000,0.94954
16577254,Carlos Antonio Carreno Castanos,2026-07-29 22:23:58.710000,0.94953
16537537,kevin,2026-07-14 01:17:23.113000,0.94953
16589205,BhagyaVarshney_AIML,2026-07-24 11:27:38.036000,0.94953
16601662,Шашлыкот,2026-07-29 12:33:47.966000,0.94952
16462867,TienTHM,2026-07-01 09:46:17.636000,0.94952
16544739,treilllaxred,2026-07-27 20:20:30.283000,0.94952
16594515,Angel Vivanco,2026-07-29 19:23:03.203000,0.94952
16538452,Goutam sharma,2026-07-13 10:13:25.830000,0.94952
16494825,Mevindu,2026-07-18 08:10:54.476000,0.94952
16551483,xFlilax,2026-07-15 17:33:28.023000,0.94952
16593129,Dilshodjon,2026-07-24 16:36:04.333000,0.94951
16462804,Guillermo Torres,2026-07-03 10:12:31.893000,0.94951
16581754,Sumaiya,2026-07-28 11:10:19.903000,0.94951
16583249,Tusher Bhomik,2026-07-22 06:48:07.766000,0.94951
16579874,AlexJ4096,2026-07-21 13:09:35.493000,0.94951
16466348,chiruchirusnow,2026-07-08 12:36:50.203000,0.94951
16544817,Gabriel Carcedo Rodríguez,2026-07-14 22:43:29.493000,0.94951
16511724,HorizonByte,2026-07-29 02:30:35.976000,0.94951
16483923,CYR-0903,2026-07-05 09:40:58.650000,0.9495
16462451,Abubakar Magomedov,2026-07-25 14:36:20.933000,0.9495
16503813,Mai Kevin,2026-07-14 08:12:34.523000,0.9495
16563528,thach ngoc thao,2026-07-28 13:59:41.220000,0.9495
16576395,jianshangzhen,2026-07-22 08:46:17.380000,0.9495
16506586,Lvcheng Wang Boher,2026-07-08 11:33:31.063000,0.94949
16483920,xuchenxi0219,2026-07-06 02:21:52.486000,0.94949
16490635,A K GOKUL,2026-07-05 17:32:04.606000,0.94949
16516525,Aqua丿美兔,2026-07-10 12:32:38.416000,0.94949
16610805,Leif,2026-07-29 05:17:20.603000,0.94949
16503628,WizzyRockyy,2026-07-25 11:39:57.193000,0.94949
16582798,Elliot Yedam Lee,2026-07-21 23:13:20.496000,0.94948
16537900,JaeHeungLee89,2026-07-15 02:41:58.276000,0.94948
16495084,Hong Tang,2026-07-06 20:36:16.163000,0.94948
16475754,MayankMittal29,2026-07-26 06:43:21.366000,0.94948
16555541,আমি,2026-07-30 03:24:07.283000,0.94948
16462859,Hirofumi,2026-07-01 13:09:53.430000,0.94948
16533169,SK Wasim Ahmed,2026-07-17 04:47:31.766000,0.94948
16489902,Shahadotibi,2026-07-16 10:15:55.096000,0.94948
16554834,Amir,2026-07-16 15:53:20.970000,0.94948
16599961,Ivan_kv,2026-07-26 02:08:09.033000,0.94947
16483450,Subodh Deogade,2026-07-06 05:23:12.323000,0.94947
16603628,DeviPriya Raju,2026-07-31 04:17:53.103000,0.94947
16475130,Joe,2026-07-10 11:57:17.830000,0.94947
16470313,Chirag Joshi,2026-07-03 14:01:48.740000,0.94947
16517435,Light-String,2026-07-25 20:56:39.496000,0.94947
16539916,Mohamad Aakif,2026-07-26 12:50:47.726000,0.94947
16536789,Eduardo Bouhid,2026-07-13 02:18:56.396000,0.94947
16539429,Shawn Z,2026-07-15 17:58:33.253000,0.94947
16493878,sai varshith chilukuri,2026-07-07 15:30:36.863000,0.94947
16481766,Arda Çiftçi,2026-07-24 08:15:48.813000,0.94946
16532978,Mohamed Mosbah,2026-07-13 01:05:25.366000,0.94946
16622463,HUSSAIN_7HAYAT,2026-07-30 22:52:36.126000,0.94946
16561163,hjrlfdash,2026-07-17 23:16:16.990000,0.94946
16465095,mart3104,2026-07-06 21:32:28.853000,0.94945
16596600,wkkkgk,2026-07-25 11:56:26.920000,0.94945
16593205,Ajohnbin,2026-07-30 09:08:58.893000,0.94945
16598917,PO CHING VICTORIA LEUNG,2026-07-28 01:11:45.930000,0.94945
16509914,ME24B2055 VINAY SHARMA,2026-07-26 20:34:45.403000,0.94945
16577119,Jose Gibson,2026-07-27 21:34:02.996000,0.94945
16484857,Tang yutong,2026-07-04 09:46:55.680000,0.94944
16465283,Turgut Nasrullayev,2026-07-08 13:16:29.546000,0.94944
16554289,autumnin,2026-07-16 11:36:11.663000,0.94944
16512603,Channa Sandaruwan,2026-07-16 10:33:01.023000,0.94944
16553711,huamiao123,2026-07-16 08:11:44.973000,0.94944
16553774,djhdjh111,2026-07-16 10:44:02.160000,0.94944
16535300,Xiangyu Wu,2026-07-12 14:34:44.616000,0.94943
16483319,Юрий,2026-07-14 17:06:03.086000,0.94943
16593351,Youzi 0x,2026-07-24 11:22:40.156000,0.94943
16486379,Furkan,2026-07-18 11:58:38.076000,0.94943
16489123,Uğur Atlı,2026-07-11 14:02:02.140000,0.94942
16610132,Kay Vargas,2026-07-28 15:22:11.063000,0.94942
16517602,Ali Sinan Saglam,2026-07-20 17:08:37.616000,0.94942
16533774,Shintaro Ito,2026-07-12 08:47:53.776000,0.94942
16489420,ershan23,2026-07-05 12:54:04.653000,0.94941
16533302,M.Muaaz Hussain,2026-07-11 21:32:33.273000,0.94941
16464182,Shah Mohammad Rizvi,2026-07-01 12:15:39.063000,0.94941
16467284,heresanurag,2026-07-24 20:13:26.740000,0.94941
16490259,Chuah Jong Sik,2026-07-14 20:10:41.550000,0.94941
16557923,LGD.SoMnus,2026-07-17 07:55:45.233000,0.94941
16553569,雨宮硝nitoro,2026-07-16 07:22:18.730000,0.94941
16485028,SamuelLi04,2026-07-04 12:09:39.823000,0.9494
16612602,All over the golf,2026-07-30 16:55:21.190000,0.9494
16584377,Jebastin Nadar,2026-07-22 12:06:34.456000,0.9494
16580600,SAIKIRAN NALLURI,2026-07-25 13:51:22.246000,0.9494
16555014,Thinkcrafty,2026-07-18 13:54:57.123000,0.9494
16483893,wangxinlei0205,2026-07-05 13:19:06.220000,0.9494
16535605,Fedorez,2026-07-17 10:30:08.326000,0.9494
16489234,Dibya S. Barik,2026-07-05 10:05:54.723000,0.9494
16553555,王琳翔😄,2026-07-16 08:28:37.380000,0.94939
16464341,MWWW46,2026-07-06 09:44:42.930000,0.94939
16468808,AkshatTripathi1234,2026-07-07 19:55:07.743000,0.94939
16559373,Parijat_Kumar,2026-07-30 16:35:30.730000,0.94939
16534551,K1taIkuyo,2026-07-12 11:34:49.883000,0.94939
16510530,SHINJAEWON,2026-07-14 02:35:29.340000,0.94938
16582964,Apoorv Saraogee,2026-07-22 09:30:23.216000,0.94938
16584362,Kirushayini Kirushayini,2026-07-25 05:26:16.850000,0.94938
16470738,popokoike,2026-07-09 08:36:42.280000,0.94938
16467272,Kuba Kościan,2026-07-01 18:40:39.683000,0.94938
16506771,Heimi0v0,2026-07-09 06:38:36.940000,0.94938
16603438,Xiaotong Xu-- Scoot,2026-07-31 02:31:34.826000,0.94937
16576609,Rayees,2026-07-22 09:57:59.886000,0.94937
16463091,SeokhunAn,2026-07-11 02:26:06.866000,0.94937
16532838,Cyclotr0n,2026-07-19 18:23:54.110000,0.94937
16510566,蛤密呱,2026-07-14 11:12:41.546000,0.94937
16462428,Gopi Krishnan R,2026-07-02 18:36:03.376000,0.94937
16472175,notme,2026-07-02 12:21:55.996000,0.94936
16531349,S Aishvarya,2026-07-21 08:49:15.026000,0.94936
16542502,AndreDon,2026-07-15 13:58:10.553000,0.94936
16484771,Karan Bhatia,2026-07-07 04:28:50.783000,0.94936
16511977,Siti Soviyyah,2026-07-16 06:17:17.263000,0.94935
16496638,lin texion,2026-07-07 23:19:14.063000,0.94935
16493692,fizool pann,2026-07-06 08:54:36.020000,0.94935
16487621,Amit Thobhani,2026-07-30 17:27:19.033000,0.94935
16500909,Not Real42,2026-07-07 21:19:30.543000,0.94934
16601697,Artem Sharkov,2026-07-26 17:21:32.010000,0.94934
16484931,Uday9081,2026-07-24 06:08:27.860000,0.94934
16575545,tuko_tanzwoo,2026-07-22 19:34:04.480000,0.94934
16515325,Isha,2026-07-25 09:07:39.820000,0.94934
16572344,clement cg,2026-07-27 16:37:55.090000,0.94933
16492520,Inzaghi M,2026-07-06 05:30:21.810000,0.94933
16486854,Aditya Majumdar,2026-07-29 17:43:20.653000,0.94933
16533957,PsayaP,2026-07-26 17:50:57.580000,0.94933
16493129,Anshu Tyagi,2026-07-14 16:44:08.446000,0.94933
16462805,Obzngs,2026-07-27 12:01:22.056000,0.94933
16530780,Celeste Rodriguez,2026-07-29 17:12:09.866000,0.94932
16617812,Hariom,2026-07-30 08:43:33.950000,0.94932
16491820,Shilpa H,2026-07-10 15:50:47.963000,0.94932
16575665,Anuradha Sampath,2026-07-22 15:37:50.026000,0.94932
16495699,Tivadar,2026-07-30 08:45:25.693000,0.94932
16537120,occer,2026-07-13 05:28:20.880000,0.94932
16562858,Dheeraj Sharma,2026-07-18 07:47:53.096000,0.94931
16543934,Daniil Grin,2026-07-14 13:26:57.683000,0.94931
16470255,Emirhan Kadan,2026-07-30 20:13:54.920000,0.94931
16510523,HeoJungMo,2026-07-13 23:32:41.266000,0.94931
16474078,Debojyoti Basu,2026-07-04 15:59:44.453000,0.9493
16463162,RsqM,2026-07-02 07:52:11.296000,0.9493
16538892,Pratyush Divyankar,2026-07-20 10:51:28.923000,0.9493
16475868,Saharsh Maddi,2026-07-18 18:29:27.960000,0.9493
16589806,Xi Li,2026-07-28 16:44:39.230000,0.94929
16553693,yiyonLian,2026-07-16 09:48:45.970000,0.94929
16463394,Shamanthak Reddy Mallu,2026-07-15 07:25:52.260000,0.94929
16603890,ddange,2026-07-27 09:05:07.740000,0.94928
16577138,Jared Floersch,2026-07-20 21:56:39.123000,0.94928
16510525,MS K,2026-07-13 14:43:01.110000,0.94928
16554110,Himanshu Saini,2026-07-20 12:34:59.710000,0.94928
16466379,T Pham,2026-07-05 09:33:08.313000,0.94928
16574645,Gary Hess,2026-07-20 13:42:56.086000,0.94927
16612810,Anurag Nayak,2026-07-29 19:46:01.610000,0.94927
16536577,Ivan Kumeyko,2026-07-23 13:37:17.406000,0.94926
16557726,onepunch999,2026-07-17 05:12:34.706000,0.94926
16559266,Patrick Silingardi,2026-07-18 19:48:29.063000,0.94926
16466731,Matsu,2026-07-07 14:18:02.263000,0.94926
16548572,cunxin huang,2026-07-16 13:06:00.880000,0.94925
16492678,Ankur Manikandan,2026-07-08 05:56:29.320000,0.94925
16597448,Tatikonda Venkatesh,2026-07-28 09:02:12.606000,0.94925
16618043,Can Gürcüoğlu,2026-07-30 11:51:51.516000,0.94925
16481552,Jahid Hasan,2026-07-10 19:41:46.123000,0.94924
16487307,Artyom Sayapin,2026-07-22 20:10:28.840000,0.94924
16553611,rainbooow001,2026-07-16 07:57:45.323000,0.94924
16479933,Carol bright,2026-07-03 07:31:49.673000,0.94923
16493733,Abdullah Bakr,2026-07-18 03:38:40.236000,0.94923
16464299,Noob786,2026-07-01 18:53:54.450000,0.94923
16494668,sheng zhenyu,2026-07-06 11:47:48.100000,0.94923
16493773,wcharse,2026-07-08 13:51:33.873000,0.94922
16498006,Jordan Chong,2026-07-07 06:15:19.923000,0.94922
16489144,Rohid Shakoorzada,2026-07-06 04:38:34.040000,0.94922
16600370,FAUSTINE RODGERS,2026-07-29 14:07:03.156000,0.94922
16590804,Abhay Raj,2026-07-24 05:06:03.616000,0.94922
16508379,Dung Le,2026-07-09 12:45:49.406000,0.94922
16575486,FeatheredSongster,2026-07-30 09:55:42.923000,0.94921
16517110,Gautam,2026-07-10 15:32:28.076000,0.94921
16464198,Gagandeep Gambhir,2026-07-04 05:14:58.436000,0.94921
16574126,Jixuan LIU,2026-07-20 13:37:23.556000,0.94921
16597292,Aayush Garrg,2026-07-26 11:08:36.550000,0.94921
16497557,Kimberly Liang,2026-07-20 04:01:28.236000,0.94921
16481901,Shubham Tibrewal,2026-07-06 21:07:39.206000,0.94921
16542549,Ahad,2026-07-28 14:08:03.070000,0.94921
16561051,Bardia Bahadori,2026-07-20 01:14:21.646000,0.94921
16537015,DaGyoung Jang,2026-07-14 01:10:21.256000,0.9492
16464640,Muhammad Hammad,2026-07-03 12:24:26.543000,0.9492
16565393,虎本裕紀,2026-07-20 08:08:04.796000,0.9492
16511811,Divya2212001,2026-07-10 11:45:02.133000,0.9492
16604494,Iris John,2026-07-27 09:56:26.186000,0.9492
16491819,"Ahmed Jendoubi, Ph.D.",2026-07-29 23:15:26.506000,0.94919
16464252,Anuj Saha,2026-07-23 05:47:15.856000,0.94919
16615116,RJThompson,2026-07-29 19:53:06.653000,0.94919
16473925,Rudra Prasad Bhuyan,2026-07-05 13:40:01.160000,0.94918
16508523,Ömer Faruk Tekin,2026-07-23 12:29:29.980000,0.94918
16578374,Matts6591,2026-07-21 15:57:43.726000,0.94917
16560337,Master ALY,2026-07-18 01:28:55.866000,0.94917
16569979,Kalana Ranahansa,2026-07-19 12:55:41.486000,0.94917
16565501,Hasindu Darshana,2026-07-19 15:04:48.926000,0.94917
16543488,Alpay Pasali,2026-07-25 00:54:01.980000,0.94917
16488692,Mikhail Fedorov,2026-07-08 08:53:37.046000,0.94917
16569134,Mohit Kamble 7580,2026-07-28 12:53:42.630000,0.94917
16494040,MAmin Saremi,2026-07-17 10:51:52.526000,0.94917
16464104,Şahin Alp Akosman,2026-07-28 13:42:49.553000,0.94917
16482271,gDHVGSJ,2026-07-03 19:39:07.276000,0.94917
16491318,Siddartha P,2026-07-28 20:17:09.413000,0.94917
16515024,Subham Mallick,2026-07-10 05:40:12.360000,0.94916
16553107,IBinU,2026-07-19 11:37:55.950000,0.94916
16463226,Carl McBride Ellis,2026-07-01 06:13:10.806000,0.94916
16487124,Arya Sumant,2026-07-05 16:36:16.330000,0.94916
16514481,Brightmoon,2026-07-10 08:57:15.613000,0.94915
16512860,Fabio Mazzarella,2026-07-09 14:57:33.156000,0.94915
16570313,illusion1993,2026-07-22 19:27:13.756000,0.94915
16556953,The Moto,2026-07-17 00:25:05.616000,0.94915
16586888,Дина Яцук,2026-07-22 20:41:11.943000,0.94915
16483816,Miray Gürbüz,2026-07-18 19:23:49.123000,0.94914
16483922,lxc632410030111,2026-07-05 15:23:51.183000,0.94913
16593627,Blizzards,2026-07-30 15:25:02.216000,0.94913
16462593,Đào Minh Thuấn 🎖️,2026-07-05 14:45:53.726000,0.94912
16610358,yi zhong,2026-07-28 16:55:16.996000,0.94912
16584448,Pawar Rohit Ashok,2026-07-22 09:46:15.806000,0.94912
16496477,t-rex,2026-07-28 20:41:24.646000,0.94912
16483891,wubbaa1,2026-07-04 19:09:55.210000,0.94912
16610607,Ricardo,2026-07-31 03:30:33.263000,0.94911
16516641,Tuna Deniz,2026-07-10 15:15:27.830000,0.94911
16567568,U_suke,2026-07-19 04:39:56.110000,0.94911
16550711,Naraka_02,2026-07-16 16:17:10.380000,0.94911
16533951,Minghao Pang,2026-07-15 06:22:24.930000,0.94911
16581382,Renji Starfall,2026-07-21 14:42:06.853000,0.9491
16483834,ZyloPX,2026-07-04 14:22:58.020000,0.94909
16479897,Jojo,2026-07-03 17:07:01.113000,0.94909
16542330,Tzu-Hao Wang (Lenz),2026-07-14 08:53:15.330000,0.94909
16484370,fertueros,2026-07-04 21:49:36.433000,0.94908
16583092,Yoshi Igarashi,2026-07-27 14:05:35.453000,0.94908
16464774,casati8,2026-07-30 11:47:18.836000,0.94908
16462889,Frank_LH,2026-07-02 00:41:29.830000,0.94907
16572092,Udana Nirmal,2026-07-30 19:17:32.670000,0.94907
16606140,leoYuyty,2026-07-28 16:07:20.880000,0.94907
16491839,FilipoKir,2026-07-08 19:55:29.610000,0.94907
16531229,Dinithi Dulani,2026-07-13 20:21:26.406000,0.94907
16490807,Mahdiar Naghizadeh,2026-07-08 14:32:04.853000,0.94907
16608756,KangKev,2026-07-29 01:50:49.970000,0.94907
16464566,Peter Tinashe Mundowa,2026-07-01 13:42:33.353000,0.94906
16541167,ibrahim omh,2026-07-24 21:09:36.970000,0.94906
16508078,Karim Mansi,2026-07-09 07:57:59.113000,0.94906
16496009,Rajitha Sachith,2026-07-29 23:04:49.306000,0.94905
16495759,Pradip Girhe,2026-07-06 16:05:13.060000,0.94904
16537253,Shibom Das,2026-07-30 05:15:08.730000,0.94904
16496919,resso mail,2026-07-08 19:30:38.556000,0.94903
16614161,Misaka426,2026-07-30 06:51:13.820000,0.94903
16542459,SamSV,2026-07-29 09:06:48.440000,0.94902
16463638,YO NISHIDA,2026-07-10 05:47:38.726000,0.94902
16553402,peien5,2026-07-25 02:19:46.120000,0.94902
16510942,Kenni,2026-07-17 21:03:04.760000,0.94902
16557787,Pavithra_Bandara,2026-07-20 20:29:25.056000,0.94902
16566337,Mohit Sharma,2026-07-26 14:26:48.746000,0.94901
16474516,Dominik Wasilewski,2026-07-06 16:57:26.830000,0.94901
16467870,prashant75,2026-07-29 13:25:06.123000,0.949
16483885,xjm632410030227,2026-07-05 02:47:35.806000,0.949
16483911,Sunjiani_0204,2026-07-04 15:57:18.880000,0.949
16586435,andreisaw,2026-07-23 06:39:00.656000,0.94899
16571035,yayaya saya setuju,2026-07-19 18:48:26.156000,0.94898
16532901,Paul Babushkin,2026-07-30 06:49:27.896000,0.94898
16554421,Agent Arya,2026-07-24 04:44:59.310000,0.94897
16592236,Fractal-PiEvolve,2026-07-27 05:15:39.686000,0.94897
16566429,Hanae8B,2026-07-18 21:54:53.616000,0.94897
16607434,genius.y,2026-07-28 08:04:45.200000,0.94897
16537078,seovovo,2026-07-14 02:43:35.130000,0.94896
16557816,Imalka Dinithi,2026-07-20 10:32:50.183000,0.94896
16473165,K.Nagase,2026-07-17 05:10:23.853000,0.94895
16549468,Kaamessh,2026-07-15 09:14:37.746000,0.94895
16566983,ExponentiallyAmy,2026-07-31 03:10:13.333000,0.94895
16483842,wjf_632410030226,2026-07-05 15:10:12.146000,0.94895
16616408,callofdata,2026-07-30 01:11:10.133000,0.94895
16601110,Prince Radadiya,2026-07-28 10:24:59.226000,0.94895
16515737,hyeonjin Jung,2026-07-20 13:56:40.810000,0.94894
16568616,Vaishmali,2026-07-19 15:53:22.013000,0.94893
16593089,Tristan Peroy,2026-07-24 21:12:06.446000,0.94893
16618203,ss,2026-07-30 10:23:41.196000,0.94893
16483471,Koostik126,2026-07-13 10:10:55.650000,0.94892
16573343,DEHAI WANG,2026-07-20 08:45:32.653000,0.94892
16534332,Nikolay,2026-07-14 12:54:43.263000,0.94892
16473708,Haritha Sarode,2026-07-21 13:12:28.643000,0.94892
16575318,dapitskiebilekkkk,2026-07-28 20:58:22.316000,0.94891
16508713,HSilvosa,2026-07-08 17:36:33.650000,0.9489
16534037,cwxcwxcwxcwx,2026-07-12 05:09:39.076000,0.9489
16494385,NELKEPomPA,2026-07-07 05:49:18.256000,0.9489
16467249,Utkarsh Gaur,2026-07-03 10:21:32.503000,0.94889
16613567,RaviBansal98,2026-07-29 14:22:32.566000,0.94889
16486886,Bhavik Jikadara,2026-07-05 15:09:45.710000,0.94889
16512533,Rubyyyy2333,2026-07-20 14:54:44.180000,0.94888
16515491,briskwalking53,2026-07-15 04:34:24.333000,0.94887
16481942,Ankita Chaudhary 171,2026-07-24 05:40:58.746000,0.94887
16508419,[Deleted] bbe3eba4-25c5-457b-be58-220c8e41f8a3,2026-07-08 14:08:17.240000,0.94887
16553573,qiqiqi182,2026-07-16 09:08:14.513000,0.94887
16561234,Devesh Vyas,2026-07-18 04:43:59.073000,0.94886
16493387,Zhong,2026-07-06 14:34:26.036000,0.94886
16490185,Andrew Lukyanenko,2026-07-09 16:53:02.356000,0.94886
16515977,Diksha Shingne,2026-07-11 13:23:25.786000,0.94885
16580143,Runze Yu,2026-07-22 10:44:30.270000,0.94885
16534012,Nishuxf,2026-07-12 13:21:15.710000,0.94884
16514841,cplayer,2026-07-10 08:30:02.363000,0.94884
16479472,Erzhigit Kasymbaev,2026-07-16 22:45:18.400000,0.94883
16468488,Mithulya K.,2026-07-15 18:25:18.903000,0.94883
16496884,Mehmet Akif Üğüdür,2026-07-07 02:07:47.053000,0.94883
16486533,Shah Muhmmad Fazle Rabbi,2026-07-07 15:06:25.646000,0.94883
16509417,Hardik Chanana,2026-07-10 14:05:27.600000,0.94881
16584415,Rahul sodhi,2026-07-24 02:54:39.666000,0.94881
16509173,Ferid Baran Hancı,2026-07-23 17:12:52.196000,0.94881
16473506,Md Raiyan Buhiya Loreen,2026-07-03 19:46:31.013000,0.94879
16471097,何夕57,2026-07-03 02:18:15.013000,0.94878
16610796,jodieorogun,2026-07-28 21:30:34.106000,0.94877
16483844,ZYZ-0230,2026-07-05 04:48:19.813000,0.94877
16464709,shendumer,2026-07-26 15:55:33.810000,0.94875
16544862,AYAHM BARISH,2026-07-15 07:58:40.300000,0.94874
16620214,Ashish Mishra,2026-07-30 16:48:50.663000,0.94874
16481290,Ярослав Третьяк,2026-07-16 10:49:33.550000,0.94874
16605898,ElMehdi E,2026-07-28 15:32:48.486000,0.94873
16565689,Hayet Belloumi,2026-07-29 15:15:16.413000,0.94871
16531075,cryptal30,2026-07-17 04:41:25.156000,0.94871
16468584,Swastik Sen,2026-07-27 15:33:51.493000,0.94871
16611415,SHIN JINUK,2026-07-30 13:30:04.806000,0.9487
16500308,IvanKotlyarov,2026-07-08 15:40:54.330000,0.9487
16498051,beka4ka,2026-07-07 05:01:22.423000,0.94869
16467956,Aditya Kumar Verma,2026-07-08 15:53:23.143000,0.94868
16491658,yu-yo,2026-07-29 13:41:45.300000,0.94867
16570776,Iwo Grzeszkowski,2026-07-21 18:59:11.820000,0.94867
16586594,Marshall,2026-07-29 20:09:21.786000,0.94865
16566982,Enkh-Oyun Tsend-Ayush,2026-07-25 22:41:02.440000,0.94864
16467676,limhyemin,2026-07-01 18:31:03.450000,0.94863
16550259,Manaswini Gupta,2026-07-15 14:09:34.583000,0.94863
16616024,shivangi narayan,2026-07-29 23:46:55.493000,0.94863
16483861,zhy4100123,2026-07-05 09:03:29.606000,0.94862
16551497,Earl Asamoah,2026-07-17 22:19:07.700000,0.94862
16545601,Amine Bassoum,2026-07-16 06:30:13.943000,0.94861
16472747,Tsungyu Yu,2026-07-02 12:31:00.423000,0.9486
16569706,shinshinchang,2026-07-19 15:26:26.433000,0.9486
16580093,jokerak,2026-07-24 01:15:58.960000,0.9486
16596508,Samuel Anklesaria,2026-07-30 14:55:31.423000,0.9486
16593327,Rosie,2026-07-27 06:44:37.993000,0.94858
16482269,Vandana Pathania,2026-07-06 20:19:54.260000,0.94858
16593450,SIVA S,2026-07-30 04:59:42.886000,0.94857
16551258,Shawn Zayn,2026-07-20 14:11:15.340000,0.94856
16573947,lucian johan,2026-07-25 20:51:40.943000,0.94856
16464232,Mayank Saini,2026-07-04 00:16:15.440000,0.94856
16507473,Jung Whan Lee,2026-07-13 09:58:41.033000,0.94855
16513637,Durga Jayakumar,2026-07-29 02:34:57.136000,0.94855
16590288,YoRHa9S,2026-07-24 10:35:20.510000,0.94853
16505266,LIN Yitao,2026-07-08 08:33:33.610000,0.94853
16606739,Prabhat Agnihotri,2026-07-29 17:35:22.780000,0.94852
16468738,Ryan Finer,2026-07-30 21:13:12.633000,0.94852
16481837,ucxak,2026-07-12 13:00:46.473000,0.94851
16464780,Ayush Kumar,2026-07-22 18:52:42.853000,0.94846
16588104,appu2431,2026-07-23 03:53:50.513000,0.94846
16536851,Fahmi Alfayadh,2026-07-13 01:51:24.370000,0.94846
16534452,waffle bear,2026-07-13 14:35:03.650000,0.94846
16491380,Daniel Khusainov,2026-07-12 09:48:41.563000,0.94845
16474023,Shintaro Tahara,2026-07-04 15:08:24.183000,0.94845
16483501,KK,2026-07-03 21:04:32.100000,0.94844
16579953,Ficat04,2026-07-21 13:00:18.736000,0.94844
16578989,Xinyi Cai,2026-07-29 10:16:44.733000,0.94843
16599697,xavfkaggle,2026-07-26 19:12:39.943000,0.94842
16479461,Ankit Thummar,2026-07-09 03:48:18.330000,0.94841
16562024,He Zaitian,2026-07-19 05:18:48.410000,0.9484
16489551,KF,2026-07-23 13:12:56.373000,0.9484
16466395,Pierre-Olivier Chasset,2026-07-01 13:47:56.673000,0.9484
16539895,ahdshayan34,2026-07-13 20:24:43.293000,0.94839
16500556,Adarsh Salukhe,2026-07-08 12:55:37.923000,0.94839
16484820,Govind Sharma,2026-07-20 12:23:05.883000,0.94838
16492588,kawauchi kentaro,2026-07-20 09:39:53.860000,0.94837
16592334,HuiJuan.Yu,2026-07-25 07:27:05.593000,0.94836
16463054,Nicoleta Cilibiu,2026-07-21 12:57:39.860000,0.94835
16610200,Antigone Stark,2026-07-28 20:08:19.960000,0.94835
16540419,Randima 29,2026-07-23 13:23:07.116000,0.94835
16544137,Timofey Solozhentsev,2026-07-14 21:51:09.363000,0.94835
16598891,Mohammadali Lotfi,2026-07-29 18:05:39.970000,0.94834
16467542,Hashan Janith ,2026-07-03 06:31:16.700000,0.94833
16464008,Wodec83,2026-07-20 08:49:08.800000,0.94832
16558573,[Deleted] 25631d4a-7a11-4742-b34c-6a0b91a046d2,2026-07-17 10:17:01.116000,0.94831
16486744,Tharindu Rohana,2026-07-30 09:02:29.180000,0.94831
16583586,cttdrm,2026-07-22 17:44:09.380000,0.9483
16474455,Krishna_coder,2026-07-06 15:49:54.086000,0.9483
16473869,Mazano ,2026-07-02 16:38:39.853000,0.94828
16472575,Xing Chun Sia,2026-07-18 07:23:34.480000,0.94828
16497972,Milindabandara27,2026-07-14 03:22:54.716000,0.94828
16464527,yy yyyy2y1,2026-07-01 14:30:10.236000,0.94827
16553564,刘洋榛001,2026-07-16 10:14:27.596000,0.94827
16587902,bektel1,2026-07-23 03:05:54.036000,0.94824
16538316,Praful01,2026-07-15 10:17:41.900000,0.94822
16463414,Bùi Trung Hiếu,2026-07-01 17:19:54.040000,0.9482
16579465,EstebanCRz,2026-07-27 12:25:22.416000,0.9482
16484675,Tsyban Valery,2026-07-07 16:01:09.746000,0.9482
16501200,Andre Endress,2026-07-08 19:30:41.153000,0.9482
16543859,MANOJ KUMAR C S,2026-07-15 06:21:30.410000,0.94816
16601618,Tic,2026-07-30 16:23:24.480000,0.94816
16578070,gatgatgatcat,2026-07-21 00:54:42.856000,0.94815
16533629,chihab gheraibia,2026-07-15 19:25:54.216000,0.94812
16553941,mina,2026-07-20 03:49:47.750000,0.94811
16515917,hilbet,2026-07-10 12:04:04.230000,0.94811
16586649,Abhinav Kumar Singh,2026-07-28 18:45:40.813000,0.94807
16607222,ChrisDavis,2026-07-30 21:32:07.740000,0.94801
16463303,NatSwamin,2026-07-26 19:03:01.136000,0.94795
16496810,Nikunj Katta,2026-07-06 21:12:53.600000,0.94795
16560653,Paras Gaur,2026-07-21 00:53:05.526000,0.94794
16473851,Malco Qoo,2026-07-08 14:22:28.910000,0.94793
16483912,hele-632410030118,2026-07-05 02:06:57.140000,0.94792
16531268,qrcodeTH,2026-07-11 08:30:13.630000,0.94791
16601495,Mario Uță,2026-07-27 19:14:25.310000,0.94791
16499509,Tea Silagava,2026-07-24 20:37:57.463000,0.9479
16537017,mement0mori,2026-07-14 04:18:15.803000,0.94788
16559651,Defne Dönmez,2026-07-17 15:04:53.446000,0.94787
16559221,Nimalanjana Piyumal Dassanayake,2026-07-17 17:36:25.906000,0.94786
16532115,Lakshay007,2026-07-11 12:25:27.766000,0.94786
16610533,DIVYANSH KUMAR SINGH CHAUHAN,2026-07-29 22:05:28.886000,0.94785
16606255,Bijay Syangtan,2026-07-30 16:14:19.610000,0.94785
16509301,Vishmi Perera,2026-07-16 18:30:23.716000,0.94784
16543776,VEDANT KHOT,2026-07-22 17:09:08.673000,0.94782
16471349,ZhaoYuchen0425,2026-07-02 08:35:47,0.94777
16466532,Adrian,2026-07-08 03:36:02.060000,0.94772
16550398,[Deleted] ed0e7c80-2da1-4863-b50a-856a491c451c,2026-07-15 11:23:58.100000,0.94771
16551727,Platonu Kozaku,2026-07-22 16:04:09.910000,0.94771
16483855,Zhangxia632410030201,2026-07-05 11:01:59,0.94771
16542689,Tha AI Messiah,2026-07-18 23:05:19.470000,0.94771
16600514,Abool-Wahith,2026-07-29 05:23:16.150000,0.94771
16471503,Ankita Priyadarsini Mallik,2026-07-04 05:48:13.476000,0.94766
16615114,Abdallah Fekry,2026-07-29 21:29:32.943000,0.94762
16488211,jiangletian,2026-07-31 02:29:55.493000,0.94762
16586188,堀光宇紀,2026-07-23 12:29:35.490000,0.9476
16508448,Alex Webber,2026-07-28 01:31:09.800000,0.94759
16538135,AthenaKKK,2026-07-14 02:42:19.210000,0.94758
16474384,Psi,2026-07-06 12:57:39.660000,0.94756
16510522,S_Hyewon,2026-07-14 04:17:10.480000,0.9475
16614219,Aloka Divyanjali,2026-07-29 17:11:50.360000,0.9475
16512390,Sahil Kumar #2,2026-07-09 11:49:46.050000,0.94748
16464382,chen-nebula,2026-07-10 13:46:21.216000,0.94748
16612361,Panagiotis Anagnostou,2026-07-29 11:27:09.590000,0.94748
16603763,akapakei,2026-07-28 01:27:42.883000,0.94743
16490757,Daniel,2026-07-08 16:46:32.253000,0.94742
16485490,Gunjan Agrawal_1010,2026-07-05 14:15:31.760000,0.94742
16585277,james,2026-07-24 21:25:51.166000,0.94739
16464604,Chamod Mullegama,2026-07-13 19:06:35.910000,0.94734
16465193,Diani ima,2026-07-06 00:18:34.550000,0.94734
16498158,Lumbini Wimalasingha,2026-07-07 04:43:45.490000,0.94734
16464806,M A R SHIMER AHAMED ,2026-07-14 03:40:28.586000,0.94734
16549183,nadali linara,2026-07-15 15:32:47.470000,0.94734
16470141,mcotton,2026-07-02 01:02:07.960000,0.94732
16483909,l_632410030109,2026-07-05 07:13:39.996000,0.94732
16465360,Şinasi Atahan Çelenk,2026-07-19 22:50:09.140000,0.94729
16493998,Honda Motomasa,2026-07-07 02:32:37.630000,0.94727
16579761,Kimgilrang,2026-07-21 14:05:00.366000,0.94727
16515397,Nishit Bhardrwaj,2026-07-10 07:08:27.813000,0.94725
16580604,疯狂的小学生,2026-07-22 11:22:09.586000,0.94724
16607261,VASILEIOS TSIOUTSIAS,2026-07-28 01:12:02.356000,0.94724
16483886,Huanzeyin0210,2026-07-06 02:39:16.763000,0.94722
16574541,Nauman Rasheed,2026-07-27 18:25:17.996000,0.9472
16555579,Tathagata_Ghosh_03,2026-07-18 14:28:02.493000,0.94717
16558964,WenboC1,2026-07-17 12:11:21.886000,0.94716
16588965,Kunal Gupta,2026-07-23 09:55:03.110000,0.94715
16584550,udeeptha wijerathne,2026-07-28 13:38:27.906000,0.94712
16551083,weavermonkey,2026-07-15 20:54:18.966000,0.94709
16535071,nakresz,2026-07-24 21:18:23.133000,0.94709
16579882,_Godisgood_,2026-07-21 15:33:02.606000,0.94706
16485561,xiangshichang0224,2026-07-05 08:40:00.686000,0.94705
16479945,Rafia Anzum,2026-07-18 11:22:02.543000,0.94703
16553627,mayuhua000,2026-07-16 09:28:56.013000,0.94702
16553561,yanshuyu2026,2026-07-16 08:55:53.086000,0.94702
16473228,malkit choudhary,2026-07-07 09:17:36.846000,0.947
16463315,Jatin,2026-07-02 17:44:54.236000,0.94696
16588793,datagrind,2026-07-28 07:33:43.650000,0.94695
16468161,Prasanna,2026-07-08 19:10:44.106000,0.9469
16463049,shion,2026-07-01 15:53:21.593000,0.94685
16500753,Amine439,2026-07-24 14:16:52.290000,0.94682
16609071,Raymond Nguyen,2026-07-28 13:46:54.016000,0.94679
16492709,maru inaho,2026-07-06 07:36:15.043000,0.94678
16465796,Goblin1337,2026-07-17 07:38:47.213000,0.94676
16483837,qinnqwe,2026-07-05 14:53:24.043000,0.9467
16499733,AHMED AYMAN1`1221321,2026-07-13 15:08:45.346000,0.94669
16471916,SSquare,2026-07-03 13:06:39.900000,0.94667
16559611,Akinsanya Joel,2026-07-22 19:49:39.333000,0.94667
16494457,thompj6,2026-07-08 15:36:46.040000,0.94664
16553716,hantinghan,2026-07-16 09:08:37.636000,0.94656
16496778,Shayan Mandrekar,2026-07-17 21:40:09.030000,0.94651
16574958,Baver Turan,2026-07-20 12:06:53.576000,0.94649
16587704,Liu Shiyu,2026-07-23 04:59:23.580000,0.94649
16463630,Deepak,2026-07-16 11:51:56.603000,0.94639
16481537,A.,2026-07-11 18:14:12.753000,0.94634
16462676,CardboardTank,2026-07-03 19:35:39.473000,0.94631
16462513,BrentL,2026-07-01 02:43:54.940000,0.94605
16463419,Shin51,2026-07-01 12:35:04.500000,0.94601
16516171,DAL,2026-07-29 14:44:46.286000,0.94593
16492459,xyx632410030215,2026-07-06 02:47:35.703000,0.94593
16468446,Lakshya bakshi,2026-07-25 17:19:41.070000,0.94589
16464005,Chan Lik Wai,2026-07-01 13:24:40.416000,0.94584
16560316,Viet Phuong Nguyen,2026-07-18 12:20:40.670000,0.94582
16594360,Hajime,2026-07-24 17:42:01.406000,0.94578
16489851,K.H.Nethmi Kaveesha ,2026-07-15 11:15:15.910000,0.94558
16497082,GwhE,2026-07-30 19:03:13.453000,0.94556
16494549,Zeeshan Aslam,2026-07-19 06:00:07.523000,0.94554
16575121,Szwajcar ,2026-07-30 21:02:53.056000,0.94552
16486572,Govind Rajeesh,2026-07-08 17:14:32.340000,0.94541
16590998,Thomas Viaene,2026-07-23 21:08:26.120000,0.94537
16574150,Lex Perevosikov,2026-07-20 13:50:36.040000,0.94535
16508408,Peter Nwaofom,2026-07-08 14:39:04.330000,0.9453
16493549,badais,2026-07-07 02:09:21.010000,0.94523
16483889,zhangxinyi-0212,2026-07-05 01:16:08.390000,0.94507
16482222,Vansh Kumar 16,2026-07-23 15:47:08.290000,0.94507
16518133,Rishabh Mandayam,2026-07-11 02:15:28.796000,0.94504
16508173,Kodai,2026-07-24 07:53:18.733000,0.94489
16544161,ilginkarakas,2026-07-24 06:34:46.723000,0.94474
16612821,Hcktan,2026-07-29 13:58:02.323000,0.94471
16541631,TSE930203,2026-07-14 04:06:01.863000,0.9446
16542899,flag_06,2026-07-28 07:47:53.923000,0.94458
16473065,x7d2b81ac,2026-07-03 09:21:58.953000,0.94455
16490959,Muhammad Shahab,2026-07-07 16:01:17.240000,0.94455
16599350,tharaka_Y samarakoon,2026-07-26 09:45:55.563000,0.94453
16548656,RNMTii,2026-07-15 17:46:54.933000,0.9445
16483894,ZY632410030113,2026-07-05 09:26:11.140000,0.94449
16535249,Kavya Dhyani,2026-07-13 07:57:20.056000,0.94432
16531323,Thamodya Jayaweera,2026-07-28 15:26:10.906000,0.94427
16489160,De Marchi Fabio,2026-07-29 20:40:19.246000,0.94424
16559321,Sunera Nawod,2026-07-30 10:53:17.970000,0.94423
16553603,deng jiaqi,2026-07-16 07:00:59.823000,0.9442
16533686,Lev Zaidzes,2026-07-14 02:27:49.783000,0.94415
16606040,Sakina Hassani,2026-07-31 01:46:48.883000,0.94413
16472450,Alaqmar Electricwala,2026-07-10 06:42:55.673000,0.944
16541648,kali Bob,2026-07-16 03:03:15.243000,0.94399
16592032,Kaveesha new,2026-07-24 06:24:52.920000,0.94393
16494966,Lukas Kozel,2026-07-06 15:39:09.596000,0.94386
16490690,b3stellung,2026-07-06 14:52:23.140000,0.94385
16480856,Hemant Dhake,2026-07-18 02:55:50.160000,0.94383
16501130,Aryan,2026-07-25 17:59:07.816000,0.9438
16467781,Aditya_Is_Alive,2026-07-02 15:42:19.903000,0.9438
16505058,wksdnr123,2026-07-13 05:31:45.553000,0.94362
16583936,Kohei Aoyagi,2026-07-28 06:18:56.616000,0.94332
16610648,LAKJAYA SILVA,2026-07-29 15:16:51.783000,0.9433
16533378,Anya Nayyar,2026-07-19 16:16:13.356000,0.94313
16566488,Aditya2555,2026-07-18 22:21:37.320000,0.94298
16568956,Sridip Basu,2026-07-19 08:10:07.640000,0.94293
16554079,Yuzhendong_kaggle,2026-07-17 00:27:02.626000,0.94292
16597746,Guoquan Liu,2026-07-29 12:03:39.566000,0.94289
16473887,Mohamed Abdelhay,2026-07-06 00:54:28.383000,0.94288
16500940,Yk_Hooooooo,2026-07-12 14:51:07.883000,0.94284
16468728,Vaishu Kumar,2026-07-24 18:40:55.490000,0.94282
16500238,Moamen Gaber,2026-07-09 13:49:43.743000,0.94269
16473267,aktk,2026-07-08 14:54:26.233000,0.94265
16570847,jakoman,2026-07-21 09:04:32.436000,0.94236
16537026,Liaollet,2026-07-14 04:34:56.666000,0.94225
16553928,Isuri Madushani,2026-07-16 07:56:24.436000,0.94216
16598702,Tirth Dabhi,2026-07-30 21:11:56.266000,0.94215
16492739,Polar Xiong,2026-07-07 12:29:47.776000,0.94202
16483083,UOM_230123K,2026-07-03 18:17:01.080000,0.94199
16541047,stathis maurog,2026-07-14 00:53:35.250000,0.94198
16495841,Arman Zhalgasbayev,2026-07-07 03:04:16.456000,0.94188
16581587,!!!!!!!?,2026-07-21 14:42:40.623000,0.94185
16501473,Andrea Bortolani,2026-07-30 15:15:28.423000,0.94184
16593032,Abhyudai Tiwari,2026-07-29 09:51:28.770000,0.94165
16487411,NikitOK24,2026-07-14 17:42:16.510000,0.94163
16510529,betraymenow,2026-07-14 05:22:59.400000,0.94143
16463859,Deep Kumar Prasad,2026-07-19 18:56:33.530000,0.9413
16484277,etsuko,2026-07-25 05:34:21.830000,0.94099
16542881,Hiyumi Suriyapperuma,2026-07-16 03:26:28.020000,0.94095
16481622,Raiyana Rufaida,2026-07-05 17:46:44.023000,0.94093
16467064,W-Bruno,2026-07-01 16:23:47.486000,0.94066
16472057,cerXXXX,2026-07-02 06:59:00.583000,0.94035
16560228,tameriku,2026-07-18 03:12:43.670000,0.94034
16462961,Aum Patel 131,2026-07-05 04:24:39.506000,0.94026
16543383,Kodai Arima,2026-07-14 15:14:23.343000,0.94024
16510533,OK GYU LEE,2026-07-13 07:08:26.300000,0.94017
16483857,zh_632410030126,2026-07-06 08:51:57.073000,0.93986
16472297,KRISH GARG,2026-07-06 09:28:25.760000,0.93967
16480497,zwjzzz,2026-07-03 08:49:32.280000,0.93955
16531202,yashg321,2026-07-12 18:28:13.876000,0.93952
16494456,ShreyasJain123,2026-07-06 14:17:00.766000,0.93944
16492614,Parthiv Dholiya,2026-07-09 09:01:24.273000,0.93929
16508022,Ahmad Indragiri,2026-07-08 15:28:56.230000,0.93928
16512685,Yachana choudhary,2026-07-09 19:16:56.186000,0.93886
16468390,Briant Paul,2026-07-25 20:55:52.273000,0.93868
16483918,LJF632410030202,2026-07-06 02:30:31.176000,0.93867
16534292,Muhammad Ribhan Hadiyan,2026-07-12 09:20:45.836000,0.93864
16510337,deed in,2026-07-09 06:52:15.563000,0.93842
16537024,kyle929,2026-07-14 11:58:26.996000,0.93839
16494428,Prajapati Vivek k.,2026-07-20 08:48:50.510000,0.93837
16470601,N4k4nnur45h0h31,2026-07-08 21:36:36.583000,0.93826
16476085,Klenn Dungaran,2026-07-03 00:34:02.246000,0.93811
16554500,AnimeTano,2026-07-20 23:10:16.023000,0.9381
16465164,Артемий Масельскас,2026-07-02 22:29:18.606000,0.9376
16473523,Benoit Sciard,2026-07-02 11:51:14.030000,0.93758
16559974,Grheetioum,2026-07-21 01:07:06.003000,0.9375
16464335,Safak Atakan Celik,2026-07-01 18:29:33.420000,0.93707
16534374,Dingyi Zhao1999,2026-07-13 12:49:21.310000,0.93669
16551136,sukumar anuthees,2026-07-28 06:42:26.906000,0.93653
16485662,duanyuzhou_0127,2026-07-05 09:34:58.356000,0.93597
16538570,Adnan Saqib,2026-07-17 17:55:08.346000,0.93595
16483953,renai632410030101,2026-07-05 13:04:20.546000,0.93586
16470260,Rahib Vk,2026-07-20 12:25:25.070000,0.93565
16532903,Rowshan Siddiki,2026-07-11 16:40:12.933000,0.93564
16575065,Hareeshkar Ravi,2026-07-20 12:14:44.626000,0.93558
16594595,Sk Electro,2026-07-24 18:53:39.646000,0.9355
16596802,田原優平,2026-07-27 07:18:09.533000,0.9352
16615671,AnuragNayak11,2026-07-30 08:53:33.023000,0.93507
16472472,Ayush Kumawat,2026-07-03 16:50:23.506000,0.93495
16568940,Divyanjali_Deva,2026-07-22 07:59:17.973000,0.93492
16500525,Arman Singh Chauhan,2026-07-24 10:05:42.706000,0.93489
16537200,TaekgeunKim,2026-07-14 06:18:15.790000,0.93455
16464770,Md Abdul Al Hasib,2026-07-02 19:05:36.496000,0.93427
16553598,liutianyu04,2026-07-16 07:26:36.523000,0.93427
16487916,Jim Gruman,2026-07-10 14:32:02.236000,0.93419
16613983,mehanalavimajd,2026-07-30 08:28:02.943000,0.93402
16465001,Hvanman2code,2026-07-01 12:13:50.853000,0.93362
16587189,SoraDaCroi #2,2026-07-22 19:33:14.383000,0.93298
16592884,Chinmoy Bhakta,2026-07-26 17:58:59.056000,0.93279
16473101,Lewis,2026-07-06 15:47:52.830000,0.93241
16579699,Charly17,2026-07-21 14:31:17.220000,0.93239
16512397,Milap Gohil,2026-07-10 10:29:39.493000,0.93233
16601612,tdwxzy,2026-07-26 14:51:09.373000,0.93189
16481640,vicky,2026-07-16 11:20:51.156000,0.93186
16465858,Kumod Sharma,2026-07-13 12:46:35.863000,0.93148
16490134,Avinash Changrani,2026-07-11 11:29:28.510000,0.93139
16537032,glint0131,2026-07-14 06:59:46.016000,0.93137
16592220,Mohammed Anas,2026-07-27 07:45:59.333000,0.93137
16490672,niezhiyuan,2026-07-06 16:44:39.063000,0.93133
16515362,Klein Peng,2026-07-20 08:37:26.940000,0.92966
16555221,Кирилл Овсянников,2026-07-17 13:35:13.410000,0.92957
16475398,Imrankhan,2026-07-03 06:26:18.796000,0.92919
16510534,sigeki,2026-07-15 06:40:44.053000,0.9291
16493503,Biotz,2026-07-28 07:55:57.090000,0.92861
16497877,Nghiêm Ngọc Đức,2026-07-07 04:11:08.680000,0.92853
16563671,Afkfarmer,2026-07-30 07:13:03.636000,0.92832
16483879,ZYN_632410030107,2026-07-06 08:45:47.313000,0.92823
16565214,三谷尚矢,2026-07-25 15:01:15.190000,0.92768
16542675,Kahlil sakha Abdillah,2026-07-23 15:28:59.096000,0.9276
16510532,Lim Jong Won,2026-07-14 06:49:28.386000,0.927
16598507,[Serbia] Andrija Nešić,2026-07-26 14:57:46.166000,0.92699
16577246,Danish Shafiq Khan,2026-07-29 22:10:02.250000,0.92668
16472966,shu20260308,2026-07-08 09:06:50.996000,0.92649
16473343,Chay,2026-07-25 03:00:10.293000,0.92645
16594927,Induwara Dasanayake,2026-07-24 20:10:21.370000,0.92624
16578788,luosukk,2026-07-21 07:49:53.573000,0.92621
16517538,Karib Kazi Rafid,2026-07-21 21:48:42.753000,0.92599
16601392,Atharva Avinash Gadge,2026-07-27 12:39:21.546000,0.92575
16603849,RCkiwi,2026-07-29 02:32:52.230000,0.92514
16550159,pekoe peko,2026-07-15 14:44:07.086000,0.92513
16483928,fumeixin0211,2026-07-04 07:18:50.926000,0.92506
16484809,Nishant Diwate,2026-07-04 15:32:30.160000,0.92492
16610767,Eddie Fujimori,2026-07-28 22:49:55.750000,0.92474
16467607,Archit Agarwal,2026-07-02 10:56:07.666000,0.92422
16472453,Hira Khaeratun Hisan,2026-07-08 02:13:45.630000,0.92397
16537031,dreambear82,2026-07-14 06:26:20.743000,0.9238
16574327,LiuYifeiYifeiliu,2026-07-22 06:25:30.606000,0.9238
16517093,Adwaidh T.P,2026-07-14 05:21:17.046000,0.92312
16533620,Avalon120,2026-07-28 03:33:19.246000,0.92297
16580389,Zain Shah,2026-07-25 15:44:37.563000,0.92195
16495472,Syafrian Abra Hutabarat,2026-07-31 02:55:13.946000,0.92164
16584898,H Varun,2026-07-30 15:39:28.853000,0.92142
16553576,zhangzhuooo,2026-07-16 07:12:28.770000,0.9212
16466548,calico,2026-07-13 22:27:33.610000,0.92011
16470266,Lucas Moraes,2026-07-15 21:22:21.743000,0.91971
16470311,Yehor Stupak,2026-07-05 18:56:13.140000,0.91961
16549786,PuChang,2026-07-16 13:34:53.003000,0.91631
16464098,Linh Lê,2026-07-01 13:50:02.880000,0.91557
16515522,Tuấn Nguyễn Bảo,2026-07-14 03:10:57.303000,0.91547
16601150,Slayyy,2026-07-30 05:09:44.330000,0.91519
16483876,shengyuting0214,2026-07-04 12:17:52.666000,0.91457
16510536,LEO KIM (cocopo),2026-07-15 02:17:22.283000,0.91317
16599692,SamarthKaggleTest,2026-07-25 21:39:46.556000,0.91315
16513194,GEORGE DOUKAS,2026-07-25 16:38:33.076000,0.9131
16465456,Blendi Ajdari,2026-07-20 20:39:42.030000,0.91288
16483843,ljn632410030221,2026-07-05 02:53:25.823000,0.91282
16474136,XGGITY,2026-07-09 21:10:37.593000,0.91271
16474051,[Deleted] f464d33a-c971-44ce-bf37-0c929e7b400c,2026-07-03 04:58:29.103000,0.91209
16474866,Ravi Raj,2026-07-06 13:07:39.166000,0.91192
16553820,山竹不吃皮,2026-07-16 09:32:10.686000,0.91108
16569479,SONarth9,2026-07-25 12:42:01.333000,0.90966
16539881,Shayan Munesh,2026-07-17 21:02:25.266000,0.90912
16475111,Zain_032,2026-07-06 15:56:32.140000,0.90852
16470377,Thiviya Navaneethakumar,2026-07-22 20:08:03.690000,0.90851
16517256,Disal Thinuwan,2026-07-18 04:15:09.773000,0.90823
16587452,shnikita-cr,2026-07-30 17:02:37.500000,0.90796
16486251,H.Stake,2026-07-13 14:30:12.320000,0.90794
16482216,Muhammad Irbabul Salas (Muhammad Irbabul Salas),2026-07-04 17:24:42.210000,0.90763
16569751,Dockest Nice,2026-07-19 12:58:34.486000,0.90762
16596840,Iwat0b1,2026-07-29 13:16:36.566000,0.9076
16608997,Raida Jannat,2026-07-30 15:41:18.373000,0.90735
16538953,穂戸田愛花,2026-07-23 07:55:22.413000,0.9072
16560995,VikasYadav,2026-07-17 21:24:47.443000,0.90719
16597104,Md Shafiul Islam 0191,2026-07-27 10:31:07.083000,0.90686
16468893,Flint stone,2026-07-03 11:20:31.123000,0.90666
16507457,HarishHR7,2026-07-08 10:23:53.400000,0.90654
16512398,kani,2026-07-09 14:02:53.620000,0.90648
16510535,jiyeongson,2026-07-14 02:26:50.613000,0.90646
16516465,Fadlan Naufal Fajari,2026-07-10 14:43:50.486000,0.90646
16531414,Ayman _Khan,2026-07-13 13:11:10.676000,0.90642
16537047,Madusha Priyashan,2026-07-30 01:06:19.723000,0.90637
16538297,WRocky,2026-07-30 22:31:19.130000,0.90637
16511367,Jiaxing Tian,2026-07-23 10:28:58.053000,0.90632
16473904,Mathe Matics2,2026-07-28 13:00:26.943000,0.90629
16481373,Hatice Koçak,2026-07-29 13:20:07.240000,0.90626
16494331,ARANAV MANDANI,2026-07-10 01:52:34.673000,0.90625
16475310,Dinuri Kawya,2026-07-26 17:31:35.666000,0.90616
16590122,subha Dewar,2026-07-23 14:36:13.020000,0.90616
16586049,Mukund Krishna,2026-07-28 11:33:48.176000,0.90612
16471144,Vo Van Dat,2026-07-04 10:56:58.380000,0.9061
16623775,Akila Dissanayake #2,2026-07-31 02:15:19.986000,0.9061
16511592,Ananyaa :),2026-07-14 07:52:55.130000,0.90609
16614309,IDK_409,2026-07-29 16:20:02.360000,0.90609
16489921,Sanjana,2026-07-15 07:45:33.826000,0.90608
16586181,syfind,2026-07-28 18:44:26.970000,0.90605
16543728,Shaswat274,2026-07-28 15:11:53.710000,0.90605
16462689,Ujjwal Paul,2026-07-02 06:18:45.710000,0.90603
16598871,MUHAMMAD DAFFA FADHIL,2026-07-25 19:27:16.710000,0.90582
16580454,Mardochée BONOU,2026-07-21 14:44:15.236000,0.9058
16605104,Uvindu Isurika Tennakoon,2026-07-28 07:12:22.526000,0.90576
16510919,Kaveesha Siriwardhane,2026-07-23 04:57:46.730000,0.90575
16550505,Harshit Gadhiya,2026-07-17 05:04:19.773000,0.9057
16492868,Hamna Haleem,2026-07-30 10:45:10.560000,0.90568
16538128,AI인공지능,2026-07-15 02:25:32.323000,0.90567
16568167,Akshay Bothra,2026-07-19 09:08:41.800000,0.90566
16600211,AshelyBelter2,2026-07-30 05:59:04.123000,0.90559
16489373,HLShroom,2026-07-14 11:38:23.840000,0.90558
16553582,Mr.tao,2026-07-16 07:48:05.786000,0.90552
16537033,Ev3_1999,2026-07-15 02:51:01.916000,0.90552
16589737,Mohamed Saad Zerki,2026-07-23 15:26:55.493000,0.90551
16541497,Tassawar Abbas,2026-07-21 01:30:27.313000,0.90549
16512456,Mark Jasper Marquez,2026-07-12 15:33:30.283000,0.90541
16589846,Ruchira samarasinghe,2026-07-23 16:08:03.706000,0.90538
16552232,tom thomas,2026-07-16 15:21:52.896000,0.90538
16535262,Starry Zhu,2026-07-13 02:03:18.460000,0.90536
16588167,Milan Kumar,2026-07-24 09:32:58.416000,0.90527
16603575,chen chen,2026-07-27 03:24:51.740000,0.90523
16570258,RAVI RANJAN KUMAR RAY,2026-07-21 13:24:47.016000,0.90522
16486644,Luis Alfonso Gallego,2026-07-28 19:41:00.030000,0.9051
16537133,sunday,2026-07-13 07:00:46.426000,0.90503
16559359,Tuyetzz,2026-07-18 09:06:57.283000,0.90499
16544675,VisionSpace,2026-07-24 15:50:31.300000,0.90498
16559191,ayans123,2026-07-22 17:41:17.340000,0.90497
16539723,Lord Akaza,2026-07-16 15:07:28.923000,0.90493
16530539,Udaya Bhanu,2026-07-12 09:08:35.576000,0.90485
16597391,cheeseburgerhere,2026-07-29 16:25:44.790000,0.90482
16485968,Orlando Virginio Penha Junior,2026-07-25 22:05:19.310000,0.9048
16555278,akihiro_umeda,2026-07-30 12:53:47.396000,0.90475
16486948,Pansilu Manahara,2026-07-08 01:54:49.293000,0.90468
16508384,Kant BIONI,2026-07-28 22:19:34.416000,0.90467
16566214,Figusama,2026-07-21 13:43:16.330000,0.90466
16539317,Md. Al Amin,2026-07-15 15:54:17.343000,0.90457
16605337,xpxchxcx,2026-07-27 12:46:50.006000,0.90455
16593164,ARUNAGIRINATHAN K,2026-07-29 04:22:39.563000,0.90455
16602415,LAMRI MERIEM,2026-07-26 16:54:14.180000,0.90451
16549425,Pernav Jain,2026-07-16 10:40:18.713000,0.90446
16462759,chathura kavindu,2026-07-27 18:05:20.720000,0.90441
16532488,IvoK,2026-07-13 06:51:23.766000,0.90438
16500302,stonerSnake,2026-07-12 14:20:39.650000,0.90433
16465445,Prakash,2026-07-25 14:47:38.260000,0.90429
16572748,ben apple,2026-07-25 03:15:59.843000,0.90427
16482856,malsha gonaduwa,2026-07-29 09:39:42.286000,0.90426
16602961,K. Vithusan,2026-07-26 20:01:22.846000,0.90425
16555616,Harshit Goyal,2026-07-16 17:13:27.603000,0.90421
16598026,Alex Toma,2026-07-25 20:47:12.516000,0.90418
16468615,stpete_ishii,2026-07-02 15:01:56.870000,0.90412
16542734,XuRuxuan,2026-07-22 13:46:46.846000,0.90407
16621630,Nahian Diba,2026-07-30 23:30:21.956000,0.90401
16482989,Chillal Yash,2026-07-08 07:27:43.293000,0.90399
16475140,Pranav Uniyal,2026-07-19 19:08:59.520000,0.90388
16467155,Ammar Gour,2026-07-04 05:39:35.510000,0.90386
16535151,Ali765,2026-07-25 10:06:01.630000,0.90384
16481657,RickArko,2026-07-06 20:31:33.200000,0.90373
16541016,Kirti kaushal,2026-07-28 02:14:23.220000,0.90371
16511553,Kartik Agarwal,2026-07-11 09:26:36.006000,0.90362
16553571,caiji123,2026-07-16 09:08:59.310000,0.90359
16604159,Chathura Kavindu,2026-07-30 17:32:54.410000,0.90353
16486979,Wes Devlin K,2026-07-04 20:41:39.926000,0.90351
16484002,ljc_632410030124,2026-07-05 06:22:24.926000,0.90351
16544686,Kamehamehaaaaa,2026-07-15 16:33:17.906000,0.90347
16474168,Ilya Strigunkov,2026-07-07 17:24:53.516000,0.90343
16462777,Muhammad Hamim Islam,2026-07-23 03:02:22.313000,0.90342
16568760,zed PNg,2026-07-20 05:01:37.320000,0.90335
16561222,Mahabubur Rahman,2026-07-21 22:17:35.260000,0.90327
16568266,Shehara Jayathilake,2026-07-29 05:05:18.613000,0.90322
16603704,Saraf Raisa,2026-07-29 12:00:22.950000,0.9031
16485041,takehaya11,2026-07-04 08:19:21.713000,0.90287
16463912,Damiih,2026-07-05 00:32:10.343000,0.90256
16513339,PasMarino13,2026-07-28 20:01:22.940000,0.90253
16533494,YahyaSn,2026-07-14 08:37:55.563000,0.90251
16480349,Vladas Verkelis,2026-07-24 14:16:28.636000,0.90249
16471116,yeonxae,2026-07-02 03:19:14.986000,0.90241
16536673,Priyanshu Barnwal,2026-07-13 11:40:31.206000,0.90222
16462499,Jonathan Leaver,2026-07-03 09:53:36.963000,0.90213
16513993,Daniil,2026-07-15 14:59:23.856000,0.90212
16553580,renpengyu,2026-07-16 08:32:42.573000,0.9021
16500357,Abhinandan Mishra,2026-07-26 12:40:46.316000,0.90202
16572810,Chandika Wickramasena,2026-07-21 05:23:02.180000,0.902
16544194,gcruz4,2026-07-17 15:00:33.466000,0.90193
16539030,Jivan Divate,2026-07-15 06:52:31.350000,0.90159
16585932,Михаил Седов,2026-07-22 19:47:39.233000,0.90149
16539397,chirag2705,2026-07-26 06:38:16.103000,0.9013
16497958,nethma1,2026-07-13 04:46:33.363000,0.90126
16568594,Rui Gao,2026-07-19 08:39:00.646000,0.90115
16567673,Kaushalya Dikkumbura,2026-07-25 13:35:41.260000,0.90111
16602917,Tribeny Das,2026-07-30 08:12:43.686000,0.90079
16568382,Naveen Ekanayake,2026-07-23 04:20:31.400000,0.9005
16518073,JorDea,2026-07-13 22:55:03.470000,0.90036
16534950,Ahmet Yavuzkanat,2026-07-13 10:59:48.990000,0.90024
16543307,vinodkumar,2026-07-22 06:44:04.670000,0.89995
16576399,Ayesha Asif,2026-07-21 17:51:52.233000,0.89986
16464512,_AshwinMahawar_,2026-07-17 11:06:51.603000,0.89946
16540601,syawqi arroyan,2026-07-19 19:37:13.476000,0.89919
16468287,Chaturya Vardhan,2026-07-23 10:47:14.160000,0.89909
16583587,Jagatheesan Nachimuthu,2026-07-31 00:35:43.973000,0.89904
16601419,Riku,2026-07-26 10:50:50.293000,0.8989
16487763,Anam Jafar,2026-07-16 11:56:47.350000,0.89885
16483898,wxm632410030228,2026-07-05 04:13:31.213000,0.89855
16594410,Salih Berke Eraslan,2026-07-29 18:45:43.896000,0.89824
16499984,zeta7532,2026-07-17 01:00:35.866000,0.8982
16496273,Ramona Flowers,2026-07-09 16:15:18.426000,0.89812
16535755,Ashish Singh 1987,2026-07-24 16:44:12.956000,0.89803
16533822,Lê Minh Quân,2026-07-12 03:43:18.270000,0.89794
16466566,Aden Hsu,2026-07-01 23:41:39.393000,0.89764
16483858,cxy_632410030213,2026-07-06 05:16:25.093000,0.89742
16605662,Praveen K,2026-07-30 06:00:28.390000,0.89717
16576626,Abinaya Thayalan,2026-07-25 14:26:45.190000,0.89712
16535959,Sanjana Abeykoon,2026-07-26 15:45:33.123000,0.89684
16475313,Aleksei Khitrov,2026-07-03 11:01:59.290000,0.89684
16570218,Krishnendu Dutta,2026-07-28 19:47:06.396000,0.89678
16482839,Andrew,2026-07-31 02:18:43.973000,0.89665
16515030,Vivek Roy,2026-07-11 07:17:41.380000,0.89657
16493934,周琪qi,2026-07-07 08:25:18.206000,0.8964
16589818,Godson Nwoye,2026-07-28 16:21:52.180000,0.89603
16579623,Tharu Demindi,2026-07-30 10:19:16.210000,0.89584
16534104,Sethmini Dissanayake,2026-07-27 12:27:29.683000,0.89568
16483531,Domniteanu Ionut,2026-07-05 18:06:35.913000,0.89568
16474450,Amimer Abderrahmane,2026-07-03 06:43:45.783000,0.89564
16472006,AAVYA SINGH,2026-07-03 06:32:18.173000,0.89552
16498440,Hữu Thành (Thànhrider),2026-07-07 07:51:50.226000,0.89543
16506511,Priyanshu Mittal,2026-07-29 12:57:39.086000,0.89527
16489513,大久保翔啓,2026-07-06 07:56:42.980000,0.89517
16611080,HamidrezaKeshavarz,2026-07-28 20:59:00.300000,0.89516
16480813,kang,2026-07-03 08:48:58.750000,0.8951
16544446,Tech Drock,2026-07-19 16:53:24.626000,0.89499
16544034,Sohang Chopra,2026-07-23 03:39:45.226000,0.89499
16550750,Asukajc,2026-07-15 13:17:39.673000,0.89479
16592404,Akshat200820,2026-07-24 07:34:07.416000,0.89458
16565264,ISalim,2026-07-25 19:28:17.373000,0.89456
16535583,AYUSH BUTALA,2026-07-27 08:15:50.363000,0.89446
16608639,xinghui wu,2026-07-28 10:31:14.280000,0.89434
16596483,Isaac Gong,2026-07-25 02:38:39.526000,0.89429
16597447,Kuberan,2026-07-27 13:50:49.603000,0.89415
16494144,Hamsa Sarves,2026-07-07 04:27:16.476000,0.89354
16550229,Irfanullah Kaim khaani,2026-07-30 12:34:32.543000,0.89336
16601687,UOM_230246N,2026-07-26 12:25:50.866000,0.89331
16549134,Dilaksha Dissanayake,2026-07-21 00:54:32.970000,0.89324
16486115,coolngr8,2026-07-24 15:31:36.516000,0.89313
16594632,Zobayer Abdullah,2026-07-30 07:56:17.670000,0.8926
16465330,shivam,2026-07-03 01:20:24.266000,0.89252
16599603,Geo335,2026-07-26 11:01:48.303000,0.89248
16481571,Shivashaklya,2026-07-08 13:08:03.756000,0.8924
16500146,Smruti Ranjan Ghosh,2026-07-30 13:00:43.283000,0.89214
16597113,Abdul Wahhab,2026-07-26 04:01:53.240000,0.89186
16617448,Jayaseelan Tharun,2026-07-30 19:51:16.660000,0.89173
16516072,Trinh Tuan Anh,2026-07-17 09:48:44.436000,0.89171
16603107,Yahia Baamara,2026-07-28 07:45:36.116000,0.89163
16514904,sgw2558163983,2026-07-11 03:34:08.650000,0.89133
16462453,Jaques Gillis,2026-07-29 18:23:42.603000,0.8913
16589902,[Deleted] 3fdafec1-f6df-4326-87b3-1e5d10b342be,2026-07-28 14:07:30.430000,0.89118
16610652,Nimesh Udawaththa,2026-07-28 17:24:41.966000,0.89118
16559741,Mohamed Hossam,2026-07-18 13:14:51.083000,0.89117
16585334,SarahNjunge,2026-07-29 14:42:20.840000,0.89088
16511093,طيف خالد هلال حمدان المقبالية,2026-07-10 04:18:50.780000,0.89031
16580516,HARUNA SANI,2026-07-26 15:35:17.840000,0.89023
16530649,Thelege,2026-07-11 06:36:42.783000,0.89014
16462630,Fahriezal Azmi,2026-07-22 12:31:42.806000,0.89003
16511234,ZhangHaoyang76,2026-07-09 07:37:51.066000,0.88983
16474404,Sarvesh Dhond,2026-07-03 18:29:15.666000,0.88875
16541507,Erik_karls,2026-07-14 22:32:44.610000,0.88846
16542611,Dahl,2026-07-15 03:27:21.963000,0.88843
16600260,Eweniar,2026-07-26 07:18:33.793000,0.88805
16592344,Nirmal Kumar,2026-07-28 05:32:02.476000,0.8878
16516169,PARKJAEHEE,2026-07-13 11:34:42.413000,0.88761
16514614,Ethan Zhang,2026-07-10 01:08:09.310000,0.88735
16493317,yunyi,2026-07-07 09:23:30.686000,0.88721
16565898,Shhubhhaam,2026-07-21 09:58:13.370000,0.88673
16530289,Sudhir Pise,2026-07-11 00:56:15.763000,0.88641
16481147,fabacf,2026-07-04 15:06:02.676000,0.88597
16549110,Anuar Akimbekov,2026-07-19 07:27:15.763000,0.88547
16510520,Dwarakesh2005,2026-07-09 04:24:18.920000,0.88477
16565787,AntonFJ95,2026-07-18 19:31:54.520000,0.88465
16483140,jhung22,2026-07-06 04:04:50.103000,0.8846
16535506,Muhammad Khalid Iqbal ,2026-07-22 11:40:08.543000,0.88449
16468073,GO'D',2026-07-03 03:43:35.633000,0.88409
16607199,Lamaq Dahodwala,2026-07-27 22:35:24.460000,0.88394
16482026,[Deleted] c5266795-4d11-4b54-acf3-d57ec3ef3ea1,2026-07-04 13:36:13.730000,0.88382
16537588,Jincy,2026-07-19 08:45:00.426000,0.88381
16481324,Grabit,2026-07-05 09:39:06.080000,0.88309
16495267,IlyaLyaminGogo,2026-07-30 08:11:17.830000,0.88298
16591259,Austin Muelrath,2026-07-24 23:41:12.170000,0.88297
16495729,Maksot Ooby,2026-07-08 15:24:24.603000,0.88289
16537071,Shiddu Kuppast,2026-07-16 04:33:34.680000,0.88281
16553236,AYUSH KANSLIWAL,2026-07-16 05:26:43.663000,0.88274
16484088,Vetri Raj,2026-07-18 00:52:18.690000,0.88272
16554054,Venkata Naga Kusal,2026-07-16 09:27:54.796000,0.88268
16535791,Chamath Devinda,2026-07-30 06:32:54.153000,0.88257
16598709,Ansh Thakar,2026-07-25 14:33:59.593000,0.88243
16489231,Mostafa Ashraf,2026-07-27 13:07:05.933000,0.88237
16515982,MAYANK,2026-07-20 08:41:08.820000,0.88233
16513429,Bvceh228,2026-07-09 17:44:03.400000,0.88216
16462483,Seyed Hasan Mir Hoseini,2026-07-02 10:10:19.940000,0.88211
16483896,WWJ632410030106,2026-07-04 08:58:52.806000,0.88205
16472854,Arukyan,2026-07-28 12:40:33.360000,0.88193
16594824,Abdurrahman Assegaf,2026-07-24 19:04:44.433000,0.88189
16586976,TARUN HARITHAS,2026-07-24 05:52:10.603000,0.88171
16516999,Kira Gottschalk,2026-07-14 13:27:59.903000,0.88167
16578176,xiaohang123,2026-07-21 05:25:29.430000,0.88167
16507446,Ole Rößler,2026-07-08 20:22:56.600000,0.88141
16468185,bhaskar9221,2026-07-17 12:26:08.050000,0.88141
16577035,Evan Mason,2026-07-21 05:16:10.773000,0.88131
16553313,Pavithra Sithumini,2026-07-16 08:40:47.686000,0.88125
16534301,Bhavya Aditya #2,2026-07-12 09:13:15.720000,0.88118
16508041,Shah Bakhsh,2026-07-17 10:14:56.946000,0.88111
16508371,ElusiveElephant,2026-07-13 13:34:03.876000,0.88109
16573789,Abisri murugan ,2026-07-27 07:08:15.390000,0.88109
16573797,S.Sweety Joy,2026-07-28 09:19:03.476000,0.88109
16480178,Vatsalya Krishan Maurya,2026-07-03 10:10:17.220000,0.88088
16508336,Alex Mit,2026-07-17 19:48:13.766000,0.88078
16582351,RAKOTONIRINA Tendry Axel,2026-07-25 11:56:53.726000,0.88064
16509658,Eymen Akb,2026-07-15 13:48:48.933000,0.88061
16474685,Eric R,2026-07-24 23:48:52.303000,0.88043
16466901,HappyTurtle77,2026-07-09 11:45:35.040000,0.88039
16510501,Shaik Umran,2026-07-09 04:16:35.173000,0.88035
16535207,xxl0829,2026-07-13 01:33:48.433000,0.88034
16483221,AnshulGEHU,2026-07-08 06:33:23.846000,0.88032
16463724,Bohdan Zvorskyy,2026-07-29 22:58:43.093000,0.88031
16475225,itzluckytomar,2026-07-08 17:31:41.416000,0.88012
16501894,Bertrand Pigeon,2026-07-29 13:54:09.836000,0.88004
16608060,Priontee Roy,2026-07-30 19:18:03.343000,0.87995
16467179,klems_07,2026-07-30 14:45:40.866000,0.87993
16533548,Marina Sallis,2026-07-13 04:10:02.800000,0.87992
16507387,Rachid RAISSI,2026-07-11 14:51:44.750000,0.87985
16597798,PhoenixAStar,2026-07-26 17:31:19.833000,0.87976
16589820,Pedro Lima,2026-07-23 23:33:30.230000,0.8797
16588920,PPPetrichor,2026-07-23 12:18:32.120000,0.87958
16463380,Just Code,2026-07-01 15:13:26.886000,0.87955
16485136,Uğur Levent Akaoğlu,2026-07-04 16:51:31.083000,0.87954
16493155,Perfectly Sane,2026-07-10 10:36:46.563000,0.87948
16466144,Morgensterns Imaginary Friends,2026-07-19 21:22:31.233000,0.87943
16502812,SANTOS,2026-07-13 17:18:28.270000,0.87943
16481089,Harish Reddy,2026-07-03 16:42:28.140000,0.87942
16513266,Fei Nguyen,2026-07-09 17:28:57.036000,0.8794
16530853,Vishnu Nath J.R,2026-07-13 11:15:40.710000,0.87936
16493069,Srishti Gauraha,2026-07-06 06:45:39.420000,0.87933
16587297,Mahak Gadia,2026-07-24 15:23:12.023000,0.87929
16597096,SofiaICBT,2026-07-26 08:20:36.173000,0.87928
16586842,daniel_loves_pancakes,2026-07-30 20:59:24.453000,0.87921
16500446,WangHe,2026-07-09 07:01:00.520000,0.87911
16549861,KartikSirohi,2026-07-15 09:58:22.390000,0.87911
16489682,miran baban,2026-07-05 19:36:23.976000,0.87909
16531830,Kunal Tyagi,2026-07-11 16:47:37.613000,0.87906
16468202,Kathiravan Anbalagan,2026-07-01 18:12:20.980000,0.87905
16608118,Will Coleman,2026-07-28 06:13:09.546000,0.8789
16482460,SARANG,2026-07-24 16:07:41.786000,0.87889
16491102,Rohani834,2026-07-06 07:13:05.180000,0.87888
16496473,Archit,2026-07-06 18:41:06.803000,0.87886
16463514,jonattanrv,2026-07-10 03:47:21.620000,0.87885
16566586,Pazabol,2026-07-31 02:00:21.210000,0.87883
16555677,Rock Rolls,2026-07-16 15:36:22.050000,0.87879
16543284,Shawya Saito,2026-07-16 14:03:24.116000,0.87878
16557817,Kohga Mitsuhashi,2026-07-17 08:35:59.340000,0.87873
16514140,Danyloss,2026-07-12 17:49:53.036000,0.87869
16485051,Chandrashekar,2026-07-04 09:32:12.920000,0.87868
16497673,Masaaki Nabeshima,2026-07-08 07:57:57.306000,0.87867
16571019,Marco Marini,2026-07-30 22:26:30.436000,0.87861
16473365,Kunjal  M Tripathi,2026-07-09 07:51:49.720000,0.87854
16587460,Aurrog,2026-07-24 21:08:26.886000,0.87852
16517519,Eli Haciyev,2026-07-13 17:30:51.763000,0.87847
16563086,NeumannAlpha,2026-07-18 06:47:36.446000,0.87844
16511450,Süleyman Yılmaz,2026-07-25 13:55:06.666000,0.8784
16501947,mhp 099,2026-07-16 12:44:35.363000,0.87837
16465111,Rabary,2026-07-09 11:28:17.520000,0.87836
16552758,Geral3,2026-07-16 01:24:37.343000,0.87829
16489671,Muzammal Ihsan,2026-07-05 16:12:09.393000,0.87828
16484797,moujiarui0229,2026-07-05 02:49:33.840000,0.87823
16600104,Will Imoehl,2026-07-26 16:43:37.440000,0.87822
16485613,Hare Krishna Singh,2026-07-05 06:21:24.140000,0.87813
16539234,Hoshimi Miyabiml,2026-07-14 00:42:37.260000,0.87811
16462786,Macoo68,2026-07-22 07:57:59.680000,0.87809
16535431,MaxSmirnov99,2026-07-24 07:35:41.126000,0.87809
16539052,lrik00,2026-07-14 05:14:28.636000,0.87807
16462435,Rohit Kumar,2026-07-05 05:47:27.160000,0.87803
16618935,Himel Sarder,2026-07-30 12:28:33.093000,0.87802
16484937,ryoy87,2026-07-04 08:19:59.866000,0.87801
16535504,tran viet,2026-07-12 16:14:39.946000,0.87799
16506971,Trang Nguyen,2026-07-08 09:13:18.320000,0.87793
16468257,ohmagari yusuke,2026-07-01 18:15:42.630000,0.87784
16553593,jinxulong,2026-07-16 08:45:53.176000,0.87784
16568702,Wen003,2026-07-19 14:00:41.936000,0.87778
16486906,Ram Jas,2026-07-04 19:19:13.103000,0.87774
16622331,Thiago Brandão,2026-07-30 19:17:54.663000,0.87773
16509484,Felipe Meneses,2026-07-11 19:36:00.850000,0.87771
16565754,@darkharshit,2026-07-21 09:49:01.346000,0.87769
16562086,Daniel Bandy,2026-07-18 06:53:37.260000,0.87763
16467905,Oleg Zagorulko,2026-07-02 06:48:30.366000,0.87756
16515217,Z0e-qaq,2026-07-10 07:20:54.653000,0.87754
16534572,xi xi1111188888,2026-07-12 09:11:01.080000,0.87752
16505122,인공모피,2026-07-11 09:09:03.840000,0.87747
16462623,k sheep,2026-07-29 11:54:36.636000,0.87746
16467876,Crecer101,2026-07-05 18:00:56.386000,0.87746
16514882,jegathesh311,2026-07-24 06:06:51.770000,0.87746
16472563,Kazuhiro_Yogo,2026-07-06 08:22:31.940000,0.87741
16477923,goodpjw2008,2026-07-07 00:32:25.006000,0.87738
16561303,Brisa Marina,2026-07-18 00:49:42.793000,0.87733
16475135,The Cheat,2026-07-09 19:50:36.583000,0.87726
16515935,wesley,2026-07-10 11:50:03.796000,0.87725
16483846,Freehpu,2026-07-06 01:47:21.160000,0.87723
16580932, KAJARNAK LOKOSSOU,2026-07-21 13:18:43.753000,0.87723
16498912,logchar,2026-07-07 09:15:46.743000,0.87719
16553600,闪闪粉,2026-07-16 14:13:06.453000,0.87717
16479775,Yadav Chandan,2026-07-30 03:04:08.190000,0.87706
16544666,Imanulloh.id,2026-07-14 17:22:49.890000,0.87704
16506139,mengcheng zha,2026-07-08 06:07:10.900000,0.87704
16496013,Paulo Alex,2026-07-23 14:44:11.670000,0.87701
16475547,Mohit Kumar200708,2026-07-03 12:46:59.690000,0.87696
16606245,liu cong ,2026-07-30 18:04:37.030000,0.8769
16507487,Hellucigen,2026-07-08 15:33:28.886000,0.8769
16495260,aounidon,2026-07-27 12:25:13.993000,0.87687
16515306,M.N. Mohamed Aman,2026-07-20 02:21:11.750000,0.8768
16559268,Prathmesh Lagdive,2026-07-23 15:01:55.500000,0.87679
16487280,Natanael Barboza,2026-07-26 03:04:51.226000,0.87675
16602289,Nikita Savkin,2026-07-29 18:07:42.550000,0.87674
16560675,AungChan Nyein,2026-07-20 21:21:47.610000,0.87673
16498098,Amir Sohail 122,2026-07-16 18:00:42.913000,0.87665
16566262,Praveen Kumar Mohan,2026-07-28 12:32:19.570000,0.87664
16548940,N230936 BANDI MAHESH KUMAR,2026-07-22 06:58:34.126000,0.87662
16465442,esakat.y,2026-07-01 22:33:38.520000,0.87659
16535932,DingFanjun_Ml_23,2026-07-20 23:55:04.756000,0.87659
16467103,Nicole Patterson,2026-07-01 19:45:32.046000,0.87658
16537543,Rokonujjaman rokon,2026-07-30 07:14:41.663000,0.87654
16606261,Khatera Alizada,2026-07-30 16:13:56.510000,0.87652
16553556,stin ver,2026-07-16 07:17:53.733000,0.87644
16605928,SkanX7,2026-07-27 21:07:58.643000,0.87643
16483126,Yogesh Mishra,2026-07-20 20:23:12.876000,0.8764
16558098,orcafrog,2026-07-27 06:31:40.073000,0.87639
16554631,Harpreet Singh,2026-07-17 05:49:42.673000,0.87637
16462833,PrtkPiyush,2026-07-01 02:55:05.846000,0.87635
16609320,donkedo,2026-07-30 18:12:45.963000,0.87635
16618496,Mark Zhukov,2026-07-30 10:21:03.013000,0.87634
16601929,Jérémie Santiago Ondzié,2026-07-26 17:17:37.720000,0.87627
16602390,Даниил Мосин,2026-07-29 18:48:17.473000,0.87626
16575289,jiabaole,2026-07-22 11:46:19.353000,0.87623
16494608,Vu Le,2026-07-18 13:56:32.870000,0.87622
16471850,Furukawa Naoki,2026-07-09 04:47:35.803000,0.87614
16517339,Safi Ur Rehman,2026-07-10 18:44:18.200000,0.87613
16534057,Kenzo Okajima,2026-07-14 15:20:56.573000,0.87598
16489569,vivek rawat,2026-07-06 20:50:23.190000,0.87586
16549496,Yashpalsinh Thakor,2026-07-15 09:37:39.420000,0.87582
16602762,Rushit Devani,2026-07-27 18:04:01.853000,0.87581
16499914,Keagan Wijaya,2026-07-16 06:17:20.076000,0.87576
16516098,EZ Sharaf,2026-07-10 18:03:41.520000,0.87575
16483163,Lucas Thompson,2026-07-06 21:18:24.963000,0.87569
16462691,Oscar Aguilar,2026-07-02 00:47:59.196000,0.87567
16491379,eoz,2026-07-06 22:52:22.286000,0.87566
16553755,Zhangshunle,2026-07-16 06:57:10.063000,0.87563
16463483,Rohit Prakash Singh,2026-07-31 03:00:59.726000,0.87561
16483854,QHR-632410030225,2026-07-05 07:44:36.973000,0.87559
16534778,Hitesh Sirswa,2026-07-27 04:45:24.796000,0.87557
16596799,Waqas Moazzam Jhoja,2026-07-27 12:44:46.236000,0.87551
16600121,Mohanrk,2026-07-27 14:23:10.266000,0.87549
16585822,Egor Shlipakov,2026-07-27 21:50:07.700000,0.87537
16462621,Juan Pablo Contreras,2026-07-06 23:57:51.636000,0.87536
16561134,LofiWaves,2026-07-17 23:01:22.090000,0.87535
16540144,Ritika Kanojiya,2026-07-15 13:35:46.953000,0.87535
16513681,Patrick Pawelczyk,2026-07-09 18:55:55.596000,0.87535
16497670,Frisk Li,2026-07-14 06:44:03.723000,0.87529
16500819,Afonso,2026-07-07 16:01:26.346000,0.87527
16500264,Abdulrahman Abdulgaffoor,2026-07-07 12:36:32.740000,0.87523
16610192,Nipuna Dhananjaya,2026-07-30 16:32:22.013000,0.87518
16472561,Amila Nuwan Thilina,2026-07-04 19:34:41.816000,0.87517
16553861,karamax,2026-07-30 03:17:31.230000,0.87514
16592722,stopheles,2026-07-28 23:18:56.863000,0.87514
16574803,MiniPekka,2026-07-23 17:28:39.686000,0.87512
16540466,Vijay Raj,2026-07-15 14:34:22.466000,0.87511
16501822,Hordii Melchenko,2026-07-10 18:12:01.643000,0.8751
16597504,Zohaib Khn Afridi,2026-07-30 07:48:36.266000,0.87508
16496695,greater_b,2026-07-23 09:30:43.236000,0.87501
16464829,Fiola Shakira,2026-07-12 08:19:10.600000,0.875
16465774,Avik Das,2026-07-02 04:13:24.013000,0.87493
16513032,Farhan Khairullah,2026-07-10 07:08:08.503000,0.87493
16471810,woon,2026-07-02 23:42:11.660000,0.87488
16603222,Olawolé Kant BIONI,2026-07-27 17:01:32.113000,0.87487
16464131,Farrukh Ismoilov,2026-07-01 09:30:27.936000,0.87487
16532636,Ishimori Yusuke,2026-07-27 00:34:42.043000,0.87484
16589760,CHETAN Verma,2026-07-25 08:25:01.430000,0.87475
16621038,Sara Naseem,2026-07-30 17:00:38.183000,0.87473
16559022,Teodor,2026-07-17 14:59:37.266000,0.87463
16471724,Stuart Gilbert,2026-07-27 01:36:40.176000,0.87462
16474535,Soufiane Ait abbou,2026-07-11 19:19:07.793000,0.87457
16506466,LD0918,2026-07-09 16:24:06.800000,0.87454
16575635,Akmal Yaasir Fauzaan,2026-07-20 14:58:53.313000,0.87452
16512942,Egor Lebedev,2026-07-09 15:42:11.120000,0.87451
16584345,Chuanjun Fan,2026-07-22 09:05:52.726000,0.8744
16583975,Fikrifalah Muslich,2026-07-23 10:21:58.153000,0.87432
16549623,kou1218,2026-07-15 08:09:25.776000,0.87429
16494968,Atay Omorov,2026-07-06 17:17:25.436000,0.87428
16483724,Mario Batista,2026-07-04 18:06:14.896000,0.87427
16603701,Aninda,2026-07-29 12:18:08.370000,0.87427
16553715,Mahathir Mohamod,2026-07-16 09:13:26.446000,0.87418
16463888,SHOTA IGARI,2026-07-03 02:47:05.026000,0.8741
16554916,Vaishnavi Naik,2026-07-16 13:03:19.206000,0.87404
16495915,Đồng Bùi Thành,2026-07-13 12:27:12.953000,0.87404
16497943,Abhishek Gupta,2026-07-17 12:53:45.720000,0.874
16530918,Sameer Chakravedi,2026-07-20 15:57:22.823000,0.87399
16589970,Nick Daniel Ramos,2026-07-24 17:29:13.620000,0.87399
16541740,yedou371,2026-07-14 03:55:22.706000,0.8739
16467735,masahiro,2026-07-02 00:03:28.640000,0.8738
16500721,Eduardo Pires Gomes Cruz Filho,2026-07-20 17:45:18.540000,0.8738
16592883,Ryukichi INOUE,2026-07-31 00:12:16.323000,0.8738
16550871,Abinesh M,2026-07-15 13:55:59.620000,0.87379
16515156,Scott Brydon,2026-07-29 18:08:29.266000,0.87369
16553612,Dwad,2026-07-16 07:38:41.913000,0.87368
16570940,Nikolas.geor,2026-07-20 15:52:48.156000,0.87368
16489468,David Gathara,2026-07-07 19:41:37.066000,0.87367
16610442,Bahya,2026-07-28 19:30:44.680000,0.87362
16462471,shinchisaito,2026-07-14 03:39:39.776000,0.87359
16540965,Devanshk09,2026-07-17 20:03:45.300000,0.87356
16493021,Adwita Dev,2026-07-13 16:48:10.610000,0.87351
16557788,Mahesha Nawarathne,2026-07-21 17:17:52.483000,0.87349
16495056,adikowa,2026-07-06 17:37:48.376000,0.8734
16610777,Borodin Daniil N,2026-07-28 18:58:07.030000,0.87339
16482223,Philemon Chan,2026-07-06 20:56:59.520000,0.87332
16577016,Nicky Choirul,2026-07-21 12:05:10.653000,0.87331
16483184,Bshah_28,2026-07-03 21:14:59.893000,0.87328
16568889,Süleyman Sadıqov,2026-07-24 07:15:34.826000,0.87327
16568788,Chettupelly Dhiren7,2026-07-25 04:33:48.966000,0.87325
16463367,Candice Kan,2026-07-01 05:29:22.710000,0.87321
16482102,Abhimanyu,2026-07-11 06:58:00.720000,0.87317
16537100,Lee SangJun,2026-07-15 03:16:44.036000,0.8731
16605787,SingletonStof,2026-07-29 16:07:57.020000,0.87308
16616780,Kevin Zhang,2026-07-30 03:21:58.563000,0.87305
16595058,Johannes jiryis,2026-07-29 14:37:20.163000,0.87302
16484994,Muhammad Atif,2026-07-20 06:19:44.703000,0.87302
16559307,Zorgeee,2026-07-24 12:13:35.040000,0.8729
16466126,Tsukasa Hamaoka,2026-07-01 13:30:04.413000,0.87287
16611451,Francisco Mendez,2026-07-29 01:05:25.743000,0.87285
16517269,shulrex,2026-07-11 04:07:29.176000,0.87281
16465727,Camila Grilletti,2026-07-02 22:29:15.786000,0.87271
16566049,ネムリ22号,2026-07-18 17:13:00.546000,0.87269
16468172,BarrenTilted,2026-07-10 19:27:37.033000,0.87268
16514049,Ibtehaj Ali1,2026-07-09 21:01:06.436000,0.87267
16492706,Meet Gajera,2026-07-29 17:51:22.756000,0.87255
16475612,Monfo_00,2026-07-05 16:48:54.986000,0.87249
16531942,Aditya Gaurav,2026-07-11 11:24:37.790000,0.87235
16484650,Abishak Iddawela,2026-07-25 08:07:06.933000,0.87229
16559717,Alush Pranav,2026-07-18 04:23:09.653000,0.87213
16508641,Masaya TOYAMA,2026-07-08 16:02:14.150000,0.87206
16577064,Vikas Seth,2026-07-22 20:00:43.203000,0.87201
16553939,Ncy0216,2026-07-16 09:19:30.290000,0.872
16470460,Matt Baker7,2026-07-25 00:44:05.040000,0.872
16614713,Md Sadik Hussain,2026-07-29 19:34:25.486000,0.872
16468636,Aditya Gupta,2026-07-27 13:21:46.110000,0.87198
16497211,Xuxu,2026-07-07 12:25:13.993000,0.87197
16482953,amiakar,2026-07-04 11:00:40.146000,0.87188
16510475,kkiy,2026-07-10 03:14:43.120000,0.87177
16606393,Stef Simington,2026-07-27 18:58:13.590000,0.87171
16591519,WaiTse,2026-07-25 05:55:46.746000,0.87152
16593226,ShankThokar,2026-07-30 18:24:38.876000,0.87152
16580324,Faiz Shaikh,2026-07-22 11:48:37.793000,0.87146
16543389,Mudassar Shabir,2026-07-14 11:30:08.993000,0.87138
16473858,SUBHANKAR MUKHERJEE,2026-07-06 16:24:30.626000,0.87124
16536734,Edison Jiang,2026-07-27 21:58:51.700000,0.87121
16509171,Deola Gama,2026-07-12 11:39:32.336000,0.8712
16510037,carol christian poell,2026-07-08 23:17:43.740000,0.87117
16465054,AndNov,2026-07-09 05:48:30.810000,0.87114
16492759,Parul Kashyap,2026-07-13 10:16:01.063000,0.8711
16499559,henry zack,2026-07-07 09:36:01.550000,0.87103
16492571,Bill,2026-07-20 08:53:05.026000,0.8709
16574223,byyyyyyyyyy,2026-07-20 08:44:43.120000,0.8709
16467167,Akash Das,2026-07-30 02:50:20.943000,0.87081
16588462,AYUSH KUMAR SINGH,2026-07-25 15:18:24.513000,0.87072
16601229,teakrose,2026-07-26 11:49:24.053000,0.87069
16603576,Joigoon Nishat Tushi,2026-07-28 16:01:37.336000,0.87064
16463770,Riya Raj,2026-07-14 08:51:49.496000,0.87043
16577632,Laila Abbas,2026-07-20 23:30:19.036000,0.87033
16580456,Pratheek poojary,2026-07-31 04:01:30.440000,0.87033
16513693,NailTruePearlAI,2026-07-11 19:31:22.140000,0.87032
16538480,Tturrbo,2026-07-13 18:01:19.980000,0.87031
16558574,Kuanash Erzhanov,2026-07-17 11:12:55.730000,0.87029
16489665,kmmmN,2026-07-07 06:20:50.280000,0.87026
16501327,Aditya06xML,2026-07-08 14:48:19.246000,0.87016
16473398,Meryem Kevser Keskin,2026-07-30 22:15:25.143000,0.87
16473077,Ningaloo,2026-07-02 11:07:43.016000,0.86996
16489968,Dávid Kolumber,2026-07-23 16:29:45.310000,0.86996
16466984,kozue,2026-07-05 17:35:00.970000,0.86995
16571074,eeshaan gupta,2026-07-20 11:15:39.223000,0.86986
16464122,Soham_Deshpande,2026-07-24 07:14:52.893000,0.86977
16579608,SM77,2026-07-21 12:38:31.350000,0.86973
16464657,Mubashir Ul Hassan,2026-07-01 13:16:53.033000,0.86941
16534052,maryam gheytasvandi,2026-07-12 07:02:08.810000,0.86902
16516395,Katsumac50,2026-07-12 06:24:24.696000,0.86893
16597234,K.R.Yalini,2026-07-28 09:00:13.196000,0.8689
16553873,Ramya Prajapati,2026-07-25 17:15:10.053000,0.86889
16508456,shimodas,2026-07-08 14:33:19.486000,0.86888
16480845,Rohan Kamble,2026-07-03 10:17:21.020000,0.8687
16505238,ArshChawla21,2026-07-08 06:19:42.613000,0.86869
16534175,Naina Bhatnagar,2026-07-23 18:37:05.926000,0.86866
16577337,hnaka-m,2026-07-26 22:03:22.720000,0.86859
16606947,Sanjan Samana,2026-07-28 05:46:44.943000,0.86856
16509776,KevinS,2026-07-24 04:56:26.403000,0.86829
16549762,lynna888888,2026-07-21 01:32:33.846000,0.86825
16592524,AnjuVarghese1,2026-07-24 22:33:32.160000,0.86818
16474513,Pranali chitre ,2026-07-30 10:07:58.183000,0.86806
16510900,isuri bandara,2026-07-27 16:16:28.720000,0.86802
16598260,Lana,2026-07-27 11:52:06.506000,0.86794
16490487,Rostislav,2026-07-05 14:39:44.473000,0.8678
16517136,Nikolai S,2026-07-10 20:58:26.800000,0.86759
16504356,Kyle Nguyen,2026-07-07 22:34:27.853000,0.86759
16555851,Freddie-Duan,2026-07-16 16:09:23.853000,0.86755
16599060,Navid Zaman,2026-07-30 10:49:04.570000,0.86739
16515575,Stephen_kiwi,2026-07-10 08:37:34.253000,0.86704
16607502,Manideep Anasuri,2026-07-28 06:06:36.510000,0.86697
16541789,tengge zhang,2026-07-17 03:19:34.573000,0.86694
16543312,Ahsan Naaz,2026-07-14 11:55:44.036000,0.86688
16517276,Ayekundire Generous,2026-07-20 16:34:20.693000,0.86682
16564011,kirtjonin72,2026-07-18 11:03:37.656000,0.86679
16553511,Evil Herooo,2026-07-18 07:00:30.746000,0.86678
16487909,Artem Deviatov,2026-07-05 02:25:13.693000,0.86672
16464311,Himanshu Maurya,2026-07-01 09:28:29.980000,0.86671
16485152,PARSA VETRY,2026-07-04 11:38:32.426000,0.86655
16614312,Areen Agrawal,2026-07-29 17:52:38.513000,0.8665
16466224,Philippe Coulombe,2026-07-21 18:24:55.116000,0.86636
16609650,BeMidangyeu,2026-07-30 13:31:08.730000,0.86623
16475591,JAMES NIRON,2026-07-24 18:19:28.620000,0.86578
16559579,John Ebert,2026-07-18 19:44:08.186000,0.86577
16490029,Dmitry Ermakov,2026-07-09 13:03:02.470000,0.86565
16566704,wsffdg,2026-07-19 09:16:41.806000,0.86559
16471175,kouchan,2026-07-08 12:18:51.096000,0.86549
16555709,Jonathan T,2026-07-17 00:01:26.666000,0.86547
16501711,Thangaraju Thivya,2026-07-08 18:19:30.433000,0.86541
16539382,Yavuz Selim,2026-07-13 13:57:57.230000,0.8654
16493011,Sanjay Sane,2026-07-08 05:41:19.656000,0.8652
16576473,CacheMe,2026-07-28 15:20:55.066000,0.86516
16571992,Pradhuman Shankar,2026-07-22 03:53:46.533000,0.86507
16501555,Mohamed Boukerche,2026-07-13 16:36:00.246000,0.86504
16473061,Judith Vilella-Cantos,2026-07-08 15:38:00.956000,0.86502
16490821,Jonathan Racz,2026-07-06 05:08:47.176000,0.86485
16613407,Tim Gerling,2026-07-30 15:32:38.073000,0.86483
16483265,Mutahar,2026-07-26 19:57:29.433000,0.86479
16612253,shririshi,2026-07-30 07:06:54.006000,0.86479
16604432,Hillary Mahura,2026-07-28 10:52:07.486000,0.86478
16540267,Jayachandiran K,2026-07-13 16:43:29.343000,0.8646
16553907,Joaoneve,2026-07-16 07:20:13.786000,0.86449
16591038,Heath Dingus,2026-07-29 19:01:11.163000,0.86443
16586521,S. G.,2026-07-25 13:24:38.080000,0.86431
16493105,Manan Jain,2026-07-27 11:01:26.050000,0.86403
16484640,东慕baaaaaaaaaaai,2026-07-06 05:45:49.053000,0.86376
16553990,Ritanshu Prasad,2026-07-29 09:55:04.753000,0.86376
16463620,miranda8041,2026-07-01 10:29:31.593000,0.86375
16612850,Jafrin Azim,2026-07-30 05:50:55.876000,0.86368
16586141,Meital Sellam,2026-07-25 20:18:25.566000,0.86354
16472242,HenryChristensen,2026-07-22 13:20:05.736000,0.86346
16504395,Sümeyye Melek Yılmaz,2026-07-09 15:48:29.540000,0.86335
16590200,lih2000,2026-07-28 17:29:58.950000,0.86312
16610204,Nicole Perera,2026-07-28 17:31:21.663000,0.86312
16491837,Roman1SPB,2026-07-18 03:13:25.530000,0.86305
16498030,Harshini Suthakaran,2026-07-30 11:30:33.353000,0.86294
16569289,Abdelrahman__Gabr,2026-07-27 11:55:20.800000,0.86291
16483779,jungjongmyoeng,2026-07-04 12:31:04.536000,0.86282
16539787,Gourang kardam,2026-07-14 09:03:40.443000,0.8627
16491181,bsenst,2026-07-05 20:27:27.313000,0.86255
16551241,SGY131123,2026-07-16 06:18:57.980000,0.86238
16578418,Nicholas MacKinnon,2026-07-21 03:43:52.470000,0.86209
16506794,hr_1phee,2026-07-10 09:16:44.980000,0.86203
16567326,kudom Kouhh,2026-07-19 04:06:32.650000,0.86178
16573024,Leonard Excoffier,2026-07-21 02:31:08.993000,0.86132
16483868,TangZhu_632410030130,2026-07-05 07:45:06.173000,0.86101
16465439,blue goykk,2026-07-01 12:28:06.736000,0.86085
16594836,Malith wijesingha,2026-07-28 11:02:09.846000,0.86078
16584336,Sajani Kala,2026-07-25 06:55:01.306000,0.86063
16466188,Mohammed arfan shafin,2026-07-28 15:11:47.690000,0.86043
16462828,Shailesh,2026-07-06 08:13:25.066000,0.86032
16509962,Harry Rowlands,2026-07-26 16:32:35.873000,0.8602
16603581,Triparna Chowdhury,2026-07-30 06:50:13.106000,0.86012
16468393,Mohammed Nafay Ali,2026-07-02 09:21:01.383000,0.86004
16501488,Eugin Benat,2026-07-08 05:32:48.766000,0.85964
16463871,vansh850,2026-07-02 14:55:38.110000,0.85964
16617164,Naznee Musa,2026-07-30 21:04:55.910000,0.85963
16557807,うーえい！,2026-07-15 06:22:25.136000,0.85942
16482327,UOM_230094U,2026-07-11 14:26:59.310000,0.85928
16491388,Prateek Srivastava,2026-07-26 06:26:50.893000,0.85911
16473473,Ryan Naidoo,2026-07-06 21:14:04.376000,0.8589
16539136,FengYuan Pan,2026-07-13 13:45:45.850000,0.85888
16551445,Sifan Shamlewala,2026-07-25 07:20:36.620000,0.85863
16464551,faya_shi,2026-07-01 09:43:49.200000,0.85849
16492539,Muhammad Shoaib Altaf,2026-07-24 15:56:39.380000,0.85833
16589549,pokbeysai24,2026-07-24 10:05:07.883000,0.85825
16466204,roreternity,2026-07-01 14:28:27.930000,0.85819
16555772,Jiyeong Lee_1,2026-07-16 16:10:45.926000,0.8576
16581196,Sanjeew Sanjeew,2026-07-27 14:22:18.143000,0.85759
16542010,Divit Nayak187,2026-07-28 15:02:21.836000,0.85743
16603662,Jonok Sharma,2026-07-30 11:53:41.163000,0.85623
16608468,Phương Nguyễn Mạnh,2026-07-28 18:44:29.363000,0.85607
16513269,Iggy Cameron,2026-07-09 17:32:23.060000,0.85596
16464434,Akshay Kassa,2026-07-10 08:59:34.490000,0.85594
16479788,sho516,2026-07-06 07:46:00.353000,0.85589
16504500,yousef Elshahat,2026-07-17 10:58:21.760000,0.85582
16480893,Buggy,2026-07-29 06:53:56.636000,0.85553
16485827,vedddev,2026-07-30 17:00:30.573000,0.85548
16493134,Shivam Sukhija,2026-07-07 06:45:10.316000,0.85526
16553305,Hrishab N,2026-07-24 10:37:06.293000,0.85516
16474459,vinh mạc,2026-07-29 05:23:03.980000,0.85495
16479990,Andris Jānis Rozenbergs,2026-07-03 06:44:02.440000,0.85488
16499458,Indrayani P. Bhujade,2026-07-29 15:15:50.040000,0.85482
16481879,TusharBharti,2026-07-05 15:44:25.493000,0.85476
16606236,Piyumal Udana,2026-07-27 21:27:13.956000,0.85465
16544649,Dima,2026-07-15 16:47:46.060000,0.85464
16605580,Tasha Steve,2026-07-28 19:29:00.470000,0.85461
16495466,Bhaskar Rai,2026-07-24 07:03:11.003000,0.8546
16513508,Hadeel Azem,2026-07-25 14:06:03.210000,0.85452
16466196,KrishKhandelwal123,2026-07-01 19:24:23.986000,0.85448
16579896,Szymon Czaja,2026-07-21 20:14:23.036000,0.85439
16595088,S. M. Abdullah1975,2026-07-25 10:11:17.476000,0.85436
16553754,ELKCssdsd,2026-07-16 10:21:54.033000,0.85425
16540132,Harun Demircioğlu,2026-07-16 02:09:45.900000,0.85416
16606756,mi$helll,2026-07-27 21:26:53.133000,0.85413
16569743,BhanuAM,2026-07-21 16:49:17.276000,0.85409
16603556,Shamia Islam,2026-07-29 02:08:34.500000,0.85406
16605953,Chamika Rathnayake,2026-07-29 21:56:41.020000,0.85405
16466886,Paul Mugume,2026-07-01 15:17:29.593000,0.85395
16489287,Afrin Hassanali,2026-07-23 16:10:05.446000,0.85395
16608680,Aleefa23,2026-07-30 16:18:47.940000,0.85395
16590383,farah bahri,2026-07-26 17:45:32.400000,0.85394
16576762,Cristin Blajut,2026-07-26 19:32:06.360000,0.85378
16488852,Andrea Serrecchia,2026-07-06 16:14:35.016000,0.85375
16501684,Pratyush Prasad,2026-07-11 08:41:20.113000,0.85375
16537878,ภูมิรพี เข็มเลิศ,2026-07-13 09:38:47.986000,0.85372
16482251,Kusumarani jana,2026-07-09 05:20:54.140000,0.85372
16594517,T Pepper,2026-07-25 00:49:12.056000,0.85368
16496249,Praveenkkkkkk,2026-07-06 20:22:47.250000,0.85362
16516647,Hemanath,2026-07-10 15:17:38.266000,0.85361
16505466,vladeshko,2026-07-12 01:55:56.100000,0.8536
16599471,Saviru Babaranda,2026-07-26 17:33:44.086000,0.85348
16569245,Arunshika,2026-07-28 11:08:33.293000,0.85348
16543977,doumaoshu,2026-07-28 08:59:53.943000,0.85333
16463655,SHAYAN BISWAS,2026-07-16 01:54:48.143000,0.85323
16493006,Aakash Kumar,2026-07-07 09:30:00.420000,0.85321
16501625,Huzaifa Lokhandwala,2026-07-08 16:37:24.200000,0.85312
16533152,Swasti Somwanshi,2026-07-14 10:57:20.836000,0.85304
16462573,OJO EMMANUEL,2026-07-03 11:11:51.766000,0.85291
16494901,nishant ghadiya,2026-07-07 09:48:12.273000,0.85291
16484847,Shela Novita,2026-07-08 04:17:44.203000,0.85285
16494415,Vanam Shashi Haran Ram,2026-07-08 10:40:55.653000,0.85283
16509475,Parmeet Singh,2026-07-12 17:57:06.273000,0.85283
16575707,Arbaz Khan,2026-07-20 16:35:34.166000,0.85283
16582066,Shani shah_92,2026-07-22 10:11:41.306000,0.85282
16584103,Dhruv-Varsheny-1,2026-07-22 11:56:27.743000,0.8527
16539217,param0101,2026-07-13 16:28:28.773000,0.85269
16498059,Zong Zhe Lee,2026-07-13 08:41:53.600000,0.85266
16485329,Konstantin Kosinov,2026-07-05 10:45:15.790000,0.85265
16508580,AADESH KADAM,2026-07-21 16:45:55.790000,0.85263
16492880,Nabrees,2026-07-30 09:11:38.636000,0.85261
16493407,Vishmitha Sheheran,2026-07-20 05:30:35.243000,0.85261
16533082,রোদশী,2026-07-27 09:39:03.713000,0.85254
16484171,Sonu Kumar,2026-07-04 04:33:39.446000,0.85251
16510268,Quey Stanle,2026-07-09 03:04:47.290000,0.85251
16516428,Akritas,2026-07-10 18:20:28.880000,0.85247
16488891,Dennis Sereti,2026-07-12 08:24:40.273000,0.85246
16493022,Saeed Rila,2026-07-30 07:19:43.063000,0.85241
16509187,TD izHERE,2026-07-08 18:04:04.680000,0.85237
16536434,Kristin Blair,2026-07-12 21:17:02.633000,0.85237
16549234,Haotian lv,2026-07-15 06:18:55.303000,0.85237
16512229,ReyFisher,2026-07-27 09:47:59.430000,0.85237
16591529,Ngô Thịnh,2026-07-24 06:28:30.296000,0.8523
16579656,Shania Langneble,2026-07-21 09:40:00.720000,0.8523
16589167,Aliiii,2026-07-24 08:17:52.660000,0.85229
16463648,Shubh Ameriya,2026-07-25 14:55:23.866000,0.85228
16556492,Aayush Dubey,2026-07-16 21:51:32.250000,0.85226
16589519,mohammad sadra allami,2026-07-23 19:07:18.743000,0.85225
16617802,feng,2026-07-30 16:12:50.526000,0.85224
16484711,seahhorse,2026-07-05 16:50:03.160000,0.85223
16605731,Mahidi Hasan Mithun,2026-07-30 11:04:09.846000,0.85222
16544090,JuNeeeeee,2026-07-30 14:45:36.273000,0.8522
16500103,EX-cc,2026-07-08 08:46:07.610000,0.85207
16537627,H.N. Janani Chamodhi Chathurya ,2026-07-28 18:46:11.696000,0.85198
16462824,Faizhan Nafaz,2026-07-30 19:06:56.323000,0.85196
16470267,vaibhav solanke,2026-07-02 17:05:22.953000,0.85192
16579676,Marcel Hountokinde,2026-07-21 15:08:13.613000,0.85188
16609621,Noyon Ahmed,2026-07-28 16:57:43.410000,0.85188
16474711,Thomas Lefèvre,2026-07-10 14:40:54.700000,0.85188
16583514,Frank Chuka,2026-07-23 01:18:27.776000,0.85183
16464869,ATSUSIH,2026-07-03 12:56:37.320000,0.85173
16474824,Jonathan Bouchet,2026-07-06 18:07:51.890000,0.85171
16555734,Namitha Perera,2026-07-28 16:10:14.486000,0.85168
16464209,Abhiram mutyampalli,2026-07-11 20:06:15.716000,0.85167
16566716,Jeni,2026-07-19 12:59:31.020000,0.85158
16472969,Vivek Gupta,2026-07-13 11:42:37.286000,0.85156
16479777,nanfeidexumu,2026-07-06 02:42:54.390000,0.85152
16494960,Vaggelis stavaris,2026-07-29 07:32:32.820000,0.85152
16612498,Akila Dissanayake,2026-07-29 13:24:45.483000,0.85151
16513406,Leneen,2026-07-12 03:48:55.163000,0.85147
16494885,Trevor Travis,2026-07-11 10:50:16.413000,0.85147
16557974,Vivekanand,2026-07-17 11:46:23.186000,0.85146
16614471,KathirAbi,2026-07-29 21:43:38.153000,0.85137
16483913,Yudie632410030105,2026-07-05 03:23:01.570000,0.85136
16537412,A V S Fernando,2026-07-26 05:11:23.830000,0.85135
16553706,HRDevelops,2026-07-16 17:10:01.970000,0.85135
16514201,Ranneh Amabel,2026-07-29 23:28:11.073000,0.85134
16462855,Kasuni Peiris,2026-07-01 15:08:25.840000,0.85132
16484556,Rohitt_94,2026-07-12 12:42:48.520000,0.85132
16574286,Anq009,2026-07-24 12:42:37.050000,0.8513
16540599,KT@4N@yJ4Ec9ip6,2026-07-13 18:23:17.326000,0.85121
16493015,Spruha Kurle,2026-07-08 03:59:32.566000,0.85119
16506931,Aska Shahama Hanisdeen,2026-07-18 17:48:56.113000,0.85115
16553625,Rongky Hosea,2026-07-21 05:46:19.556000,0.85112
16562893,Gowsalya Yogarajah,2026-07-18 06:40:28.033000,0.85111
16583023,Dean Vaitsos,2026-07-22 16:36:28.873000,0.85103
16556187,Thivya Arudselvam,2026-07-26 02:57:58.356000,0.85092
16609150,Ibrahim Alghamdi,2026-07-30 09:50:26.986000,0.85088
16466039,Galang Dewangkara,2026-07-03 11:59:09.026000,0.85084
16557694,Amhar Ahamed,2026-07-18 05:17:52.283000,0.85084
16489008,Ashith_Shiman,2026-07-26 21:29:54.450000,0.85082
16531029,Veerendra A,2026-07-22 17:48:42.156000,0.85082
16584851,Shivam ,2026-07-28 08:40:20.450000,0.85076
16591708,lifeng,2026-07-24 09:17:27.343000,0.8507
16551899,Anshul Yadav,2026-07-20 20:35:20.373000,0.85065
16491108,王燕洁-632410030115,2026-07-06 11:00:19.353000,0.8506
16505701,Jagadeeshwaran M,2026-07-08 09:03:33.383000,0.85052
16592908,Shadow Yan,2026-07-31 03:44:38.406000,0.85051
16570100,Vaishnavi Khokle,2026-07-26 15:48:33.463000,0.85051
16585070,Malik Ahsan,2026-07-24 22:05:05.686000,0.85046
16483828,eisu_kgl,2026-07-06 10:53:04.726000,0.85023
16511290,nitin,2026-07-10 11:03:31.593000,0.85013
16473211,Aryan0325,2026-07-05 19:37:45.240000,0.85009
16586146,Rohit Narain,2026-07-22 17:59:15.926000,0.85007
16508957,MLCoder90,2026-07-08 17:53:12.206000,0.8498
16481212,Karthikeya_N,2026-07-18 10:56:12.296000,0.84972
16462487,仁平悠介,2026-07-15 10:08:19.536000,0.84958
16486686,Muskan Gait,2026-07-04 16:17:00.613000,0.84951
16600701,tanishq deep,2026-07-26 09:12:21.586000,0.84951
16509351,Ilya Kashapov,2026-07-11 20:51:04.713000,0.8495
16587293,Sourav Kumar,2026-07-22 20:14:15.563000,0.84932
16535068,Raev Epong,2026-07-13 16:11:36.243000,0.84931
16514918,Manish Maudgalya,2026-07-11 03:46:30.080000,0.84926
16511466,Sudhanshu Narayane,2026-07-09 12:47:42.463000,0.84921
16472420,Anna Laczkó,2026-07-03 18:29:15.860000,0.84918
16544659,Ferhan-Hacisalihoglu,2026-07-27 09:10:11.253000,0.84908
16613448,SkrrrrTom,2026-07-29 17:19:12.030000,0.84902
16462975,邻家JK,2026-07-02 07:07:07.553000,0.84894
16495428,An Nguyễn Gia,2026-07-08 23:17:06.573000,0.84885
16545526,Tongluoshao,2026-07-17 20:12:53.783000,0.84885
16494996,Pavitra Suthakaran,2026-07-09 05:58:40.206000,0.84883
16560173,Sushanth@1213791529,2026-07-22 06:08:36.433000,0.8488
16555331,Sparsh Patil,2026-07-28 17:24:30.273000,0.84878
16583063,Jayden Lee,2026-07-30 21:21:02.323000,0.84873
16548368,Pluto Lee,2026-07-31 03:28:09.163000,0.8487
16614492,Shathan Prahal,2026-07-29 21:43:46.746000,0.84859
16473431,Maxera,2026-07-07 17:38:57.853000,0.84857
16537020,Ella Sw,2026-07-14 00:43:40.883000,0.84834
16466728,abhishek kumar,2026-07-02 13:14:39.433000,0.8483
16485947,Matheo Sandleris Musa,2026-07-06 16:14:12.080000,0.84818
16508255,sana seelan,2026-07-18 06:07:32.586000,0.84775
16463813,Eshan Sharma,2026-07-02 12:58:11.613000,0.84773
16532747,SK ALAMIN,2026-07-11 18:40:06.993000,0.84768
16579186,Monish Singhal,2026-07-25 13:21:24.596000,0.84763
16468463,Hiruka Devendra,2026-07-03 02:40:25.273000,0.84757
16613527,Aaron Tauro,2026-07-30 18:08:26.233000,0.84753
16605992,Sinh Nguyễn Đức,2026-07-27 15:26:58.220000,0.8472
16480809,Mahindra Ram pathuri,2026-07-10 14:46:41.503000,0.84702
16471410,wushupu,2026-07-03 15:27:29.203000,0.84688
16622959,Aourar Abdelouahab,2026-07-30 21:32:29.976000,0.84688
16494207,周星妤632410030110,2026-07-06 10:05:28.176000,0.84678
16470006,Sudhanshu Singh,2026-07-02 15:39:36.710000,0.84677
16488444,NitishVarma99,2026-07-05 14:20:03.533000,0.84661
16506732,prashanth Prabhu,2026-07-08 16:18:19.876000,0.84657
16611156,Marziah Habib,2026-07-28 21:30:07.843000,0.84641
16515355,Akshay Anand,2026-07-12 05:27:56.946000,0.84629
16474952,SwatiR,2026-07-13 06:32:50.226000,0.84589
16544030,oskar kiss,2026-07-21 23:34:53.766000,0.84588
16558481,Muhammad Dzaki,2026-07-19 12:43:05.073000,0.8457
16613282,Krishna Sawale,2026-07-29 12:23:12.393000,0.84563
16463447,Aditya Kamtikar,2026-07-04 06:40:29.423000,0.84554
16490871,Ar-Srivas,2026-07-06 14:56:13.410000,0.8455
16465039,Francesco Citterio,2026-07-01 11:10:28.270000,0.84549
16536386,NKek19,2026-07-14 18:05:05.973000,0.84546
16599454,TahaTariqf,2026-07-29 22:22:38.070000,0.84543
16501032,Shreeya,2026-07-25 23:51:45.596000,0.84532
16511918,Fozia Saleem,2026-07-09 13:51:37.633000,0.84524
16464618,Ismail,2026-07-02 09:49:51.386000,0.84523
16465420,Arian gh24,2026-07-08 22:31:12.606000,0.84521
16544384,Vanshika0902,2026-07-17 20:38:51.593000,0.84521
16513265,xenitygg,2026-07-09 17:12:36.706000,0.84507
16604493,Nikolay Abramov,2026-07-28 04:58:08.236000,0.84498
16583450,Mohamed Hussien Ai,2026-07-21 23:17:30.853000,0.84492
16567618,Kaveesha Liyanage_2004,2026-07-25 10:52:08.703000,0.84486
16498606,Raiha Fazie,2026-07-17 05:48:31.183000,0.84484
16480350,Chathumi Kriyesha,2026-07-13 16:03:49.660000,0.84484
16612024,yeongseok32,2026-07-29 05:12:21.813000,0.84483
16618248,Aishwarya .k,2026-07-30 10:08:01.833000,0.84481
16464463,Mhek Patel,2026-07-01 09:14:21.323000,0.84472
16471007,NHANGIOI,2026-07-05 01:55:55.076000,0.84472
16493049,Keerthana Mathaiyan,2026-07-29 08:23:45.403000,0.84468
16540880,Muhammad Mujahid,2026-07-23 11:32:29.200000,0.84468
16512276,Tharani Nawodya,2026-07-15 15:21:29.460000,0.84461
16508778,Arif Rudino,2026-07-09 05:16:57.016000,0.84456
16463737,Saurabh Nishad,2026-07-02 22:06:55.643000,0.84456
16535238,Thomas (Tomgu),2026-07-12 13:16:58.500000,0.84456
16560463,Abiola Joseph,2026-07-17 18:47:04.366000,0.84432
16514725,Adnin Danil Azkia,2026-07-11 03:15:49.173000,0.84428
16494247,Rock Juste,2026-07-07 14:56:23.226000,0.84424
16585478,Secertive,2026-07-25 09:45:30.503000,0.84422
16564959,Muhau Nawa,2026-07-18 18:43:05.820000,0.84415
16501730,Belhacene Yanis,2026-07-13 04:46:27.273000,0.84415
16536224,Kawya Devindi,2026-07-29 17:49:00.430000,0.84413
16572718,Reka Vignaraja,2026-07-21 09:43:21.240000,0.84404
16575530,Roma Coguteac,2026-07-21 08:31:29.600000,0.84395
16559863,Sasangi Nawodya,2026-07-17 15:45:32.683000,0.84387
16508011,404,2026-07-28 07:56:56.890000,0.84384
16535508,mimatu,2026-07-27 14:17:50.833000,0.84377
16485097,real_bilal,2026-07-06 10:34:41.603000,0.84356
16614489,Oukil Ilyes,2026-07-29 21:49:55.883000,0.84335
16512182,Hoàng Minh Ngô,2026-07-13 03:24:08.243000,0.84318
16573779,Hemapriya,2026-07-20 17:24:40.783000,0.84318
16486208,Chettupelly Dhiren,2026-07-04 15:22:17.093000,0.84287
16496131,Subittika1997 Kannan,2026-07-08 14:10:45.356000,0.84282
16540107,Kajee Kajeepan,2026-07-24 16:50:21.706000,0.84282
16482108,TommyMSCS,2026-07-03 15:45:31.886000,0.84268
16549866,Piotr,2026-07-15 14:20:44.363000,0.84266
16590265,Byben,2026-07-27 15:09:42.083000,0.84265
16589169,andrea rosati1,2026-07-27 13:06:13.643000,0.84256
16463776,VANGURI JASHWANTH,2026-07-01 07:42:59.203000,0.84241
16544553,Padamata Dhanush,2026-07-14 16:14:22.640000,0.84207
16490517,melon,2026-07-11 05:20:06.196000,0.84172
16550817,ah6639,2026-07-19 06:05:05.223000,0.84155
16485798,Pim Thien-ngern,2026-07-06 03:52:56.296000,0.84144
16599127,Sahil Kabir,2026-07-25 16:29:16.270000,0.84075
16484678,Shivani V,2026-07-06 11:37:00.990000,0.84072
16534730,Vedika Gupta,2026-07-13 09:47:38.306000,0.84067
16543803,Ganesh S Sable,2026-07-15 07:58:00.520000,0.8404
16535223,Parth_Shah23,2026-07-16 17:34:11.276000,0.84029
16464976,Hoang Minh Nguyen,2026-07-02 10:05:02.630000,0.84007
16470145,SW5413,2026-07-04 10:21:14.770000,0.83987
16531408,Vineet Chauhan,2026-07-30 08:31:58.333000,0.83965
16573775,Aruloviya Sharon,2026-07-28 09:19:42.933000,0.83954
16475206,Anas S Samy,2026-07-07 21:19:58.523000,0.8394
16536146,Nuwanthi Ishara,2026-07-14 07:16:35.470000,0.8393
16565658,Ziaul Hasan,2026-07-20 18:09:15.380000,0.83919
16481823,Rafay Ahmad Raza,2026-07-03 13:41:08.646000,0.83896
16500788,Alireza Roointan,2026-07-07 13:40:45.980000,0.83881
16602271,manev100,2026-07-30 21:00:46.196000,0.83876
16580461,Mehrdads,2026-07-21 16:18:03.070000,0.83855
16500715,Artyom Hovhannisyan,2026-07-07 15:05:14.053000,0.83843
16586512,Bushra khan,2026-07-22 18:41:56.883000,0.83794
16518035,Antooon,2026-07-17 17:44:55.340000,0.83768
16590294,Dinusha_2004,2026-07-23 17:42:56.326000,0.8376
16485810,Beytullah Çakır,2026-07-04 13:18:51.923000,0.83748
16517043,mohomed Nuzry,2026-07-14 09:58:12.403000,0.83655
16543419,Nusry Hamza,2026-07-14 10:00:59.243000,0.83655
16567305,liu1232,2026-07-19 05:07:30.380000,0.8362
16499898,ALEXANDRU ORZEA,2026-07-07 10:51:27.436000,0.83606
16543659,Harshit Singh,2026-07-21 12:58:17.483000,0.83551
16560517,ahsan qazi,2026-07-19 10:29:25.776000,0.83491
16585322,Arjun Dixit,2026-07-25 10:11:47.380000,0.83435
16509266,Lucassouzameirelles,2026-07-22 13:06:41.646000,0.83282
16513305,Akira Ghebreyohannes,2026-07-09 17:16:29.863000,0.83184
16551374,Артём,2026-07-23 08:51:58.420000,0.83152
16533363,Karan,2026-07-17 17:54:11.940000,0.83135
16541486,joshuawjulian,2026-07-16 18:28:07.043000,0.83133
16480119,Tracy Porter,2026-07-05 01:08:26.550000,0.83121
16480766,Subhamjyoti Maharana,2026-07-03 09:56:08.253000,0.83067
16552600,Ahd Ehab,2026-07-17 11:49:21.476000,0.83047
16480896,1234-abhijith,2026-07-04 14:40:41.366000,0.83032
16561824,Deepesh Gupta,2026-07-30 03:30:52.126000,0.82986
16549684,priyanshi saini,2026-07-15 16:43:11.053000,0.82907
16516893,petr,2026-07-13 16:34:45.123000,0.8281
16556847,Fernando Silvestre Sci,2026-07-17 22:20:05.866000,0.82698
16575300,Nitish Kumar,2026-07-20 14:54:57.593000,0.82604
16513813,Jamie Rea,2026-07-13 21:20:37.063000,0.82336
16542827,Alissa,2026-07-17 11:10:29.886000,0.82226
16484873,Albert Zaqaryan,2026-07-20 11:44:49.286000,0.82216
16509316,Prabath Koralage,2026-07-27 08:20:44.050000,0.8205
16496018,HiranPoornajith,2026-07-09 18:39:54.463000,0.81953
16605428,Manish Patil,2026-07-29 15:01:44.603000,0.8182
16512366,Romana Khanom,2026-07-24 13:24:40.813000,0.81718
16516470,Kunal Kewat,2026-07-11 11:07:11.906000,0.81555
16467755,Rohan Sardar,2026-07-02 04:33:11.716000,0.81542
16570633,sajad,2026-07-19 15:20:58.810000,0.81511
16505698,Neo_0x3f,2026-07-08 12:50:19.293000,0.81453
16517561,jevil savani,2026-07-21 18:04:27.753000,0.81391
16464360,Praneel Maitra,2026-07-03 21:23:59.220000,0.81388
16617905,Harshith Chitluri,2026-07-30 08:36:11.366000,0.8134
16592881,Prathamesh More,2026-07-26 11:58:19.146000,0.81312
16464703,Amr Hussain,2026-07-02 13:14:06.236000,0.8127
16551255,TanaBie,2026-07-15 18:00:47.860000,0.8122
16608232,Meiirzhan Amanbek,2026-07-29 06:36:53.523000,0.81129
16585469,Vamshi Boini1,2026-07-22 12:09:38.270000,0.81093
16598446,Feliks Bekeshov,2026-07-27 11:31:35.693000,0.81088
16548744,Prachi Raikwar,2026-07-15 10:14:56.426000,0.81085
16510517,Chloevan,2026-07-13 02:19:22.380000,0.81084
16463149,BhanuTeja2006,2026-07-01 08:52:07.353000,0.81075
16585114,Σigma,2026-07-24 10:54:25.473000,0.80972
16561578,Iago Comin,2026-07-18 02:56:26.890000,0.80936
16464911,RahulKkr328,2026-07-23 03:59:47.940000,0.80793
16481846,Bhavya Aditya,2026-07-11 21:27:32.083000,0.80576
16550577,Nadhif Arafah,2026-07-15 13:55:10.226000,0.79436
16597784,Himanshu406496,2026-07-25 18:37:43.940000,0.79062
16508497,aminadaven,2026-07-08 14:52:07.403000,0.78317
16501902,Bruno Siqueira,2026-07-08 19:02:56.616000,0.78058
16589289,Heaven1904,2026-07-23 12:54:33.023000,0.77887
16511044,Jiang,2026-07-17 06:21:04.610000,0.76705
16482083,SolarBois,2026-07-06 12:28:04.846000,0.76652
16577417,Sheng Chen21,2026-07-20 23:15:49.500000,0.75442
16603111,Jen Gori,2026-07-28 08:20:14.716000,0.75423
16501330,adiy,2026-07-07 15:50:50.880000,0.7535
16492054,Afusat Adeleye,2026-07-24 13:59:38.036000,0.75168
16553035,Ishara Sanjana,2026-07-16 17:58:58.846000,0.74984
16613076,Muhammad Bin Nadeem,2026-07-29 11:45:43.373000,0.73143
16614401,Tabassira Bhuiyan,2026-07-29 19:00:02.503000,0.72288
16480022,Misel Ahmmed,2026-07-03 13:50:39.223000,0.69653
16585032,thanhbt25,2026-07-26 03:39:40.640000,0.63625
16486882,Kain,2026-07-13 00:03:22.820000,0.62164
16489090,Jumman-Al Nahian,2026-07-06 06:49:06.760000,0.60401
16472511,YUVRAJ SINGH,2026-07-07 05:27:19.076000,0.59156
16501855,Garrick C.P.,2026-07-07 18:55:18.170000,0.59142
16471622,Xander Zoom,2026-07-02 05:21:01.906000,0.59049
16486709,Chirag Gupta,2026-07-20 09:45:52.613000,0.58981
16556711,Роман,2026-07-16 21:23:56.420000,0.58569
16618691,ZAUC,2026-07-30 15:23:14.913000,0.58065
16495251,Fiza Baig,2026-07-12 14:16:55.913000,0.57729
16463720,Jokem 2007,2026-07-03 15:15:19.980000,0.56616
16574850,ChiragGupta77,2026-07-20 11:15:48.863000,0.54908
16577229,Tom Zheng,2026-07-26 05:31:31.720000,0.54536
16513140,gitbyjay25,2026-07-25 08:52:44.780000,0.53806
16550110,John Chebyshev,2026-07-27 08:25:38.663000,0.53406
16489818,arman_3,2026-07-28 13:07:43.376000,0.53008
16504441,Claudia Arias Gonzalez,2026-07-21 12:09:47.156000,0.52964
16583301,Yangqi Zhang,2026-07-24 23:35:23.623000,0.52946
16471613,임재준/기계·스마트·산업공학부(스마트팩토리전공),2026-07-02 11:10:25.630000,0.50467
16609569,Hamza sajid,2026-07-29 10:16:14.993000,0.48938
16554474,Niklas Knobel,2026-07-16 10:59:15.580000,0.46936
16472842,tea_cake,2026-07-02 20:01:07.303000,0.46658
16541578,LEICHENGCHEK,2026-07-14 10:32:50.510000,0.46343
16590594,Bibek Lama,2026-07-23 18:20:22.600000,0.42518
16516322,Roman Nikolaev,2026-07-23 14:09:38.430000,0.41888
16532430,mobassher01,2026-07-14 16:33:38.180000,0.39102
16569297,Jayakrishnan R Nair,2026-07-21 13:28:48.250000,0.38409
16622849,Mahdiyar Zabihi,2026-07-30 21:28:51.230000,0.35647
16583584,Monica_L,2026-07-22 06:41:06.193000,0.35487
16597906,Sanjay Singh Gurjar,2026-07-27 12:08:26.260000,0.35192
16571969,izioh79,2026-07-21 19:16:22.643000,0.34457
16534758,Rithuik Yerrabrolu,2026-07-12 17:16:46.523000,0.34444
16559337,Abhishek,2026-07-17 14:24:10.973000,0.34193
16536747,João Vitor Rezende Moura,2026-07-22 19:26:49.803000,0.34105
16609169,Ifeoluwa Oduwaiye,2026-07-28 12:08:19.520000,0.33963
16582536,Chintu sharma,2026-07-22 09:39:39.070000,0.33441
16535314,Ashish Tandi,2026-07-12 16:17:44.503000,0.33426
16567129,Toàn ,2026-07-20 05:07:56.406000,0.33381
16463055,Sanu Laptop,2026-07-01 03:19:05.483000,0.33333
16465099,nevgive,2026-07-01 10:22:25.156000,0.33333
16475449,David Blandón,2026-07-05 20:45:27.446000,0.33333
16472935,Danylo Kalinchuk,2026-07-03 19:41:57.153000,0.33333
16484373,TAN Wee Han,2026-07-04 04:37:43.260000,0.33333
16481021,Maram Ali,2026-07-04 12:03:42.246000,0.33333
16486837,Paritosh Kumar Tripathi,2026-07-05 03:21:24.190000,0.33333
16491555,praveensankar,2026-07-07 15:36:01.466000,0.33333
16489044,tmo1031,2026-07-08 21:00:42.530000,0.33333
16495590,kartik100100,2026-07-08 05:44:08.663000,0.33333
16466331,Kuldeepsingh1234,2026-07-08 16:12:13.966000,0.33333
16514080,Sean Jones,2026-07-09 19:57:02.320000,0.33333
16501632,Rohit Korade,2026-07-10 18:18:13.790000,0.33333
16464184,Vovan_I,2026-07-11 18:08:08.760000,0.33333
16543506,Uchenna Charles,2026-07-15 07:31:27.596000,0.33333
16552450,Walter Reade,2026-07-15 21:52:19.173000,0.33333
16553432,Imeshi Punsara,2026-07-16 05:28:51.733000,0.33333
16566911,Arda Yu,2026-07-19 00:49:20.603000,0.33333
16530549,B Ranken,2026-07-19 02:01:58.363000,0.33333
16566042,Tiphaine GUERAULT,2026-07-19 13:38:37.176000,0.33333
16576041,Anshul Dhiman,2026-07-20 16:24:17.946000,0.33333
16579625,Samirath TIDJANI,2026-07-21 15:17:54.300000,0.33333
16589733,Samik,2026-07-23 14:00:31.676000,0.33333
16593013,Imeshi Punsara #2,2026-07-24 14:18:09.033000,0.33333
16606205,日野隼秀,2026-07-27 15:23:31.056000,0.33333
16513062,Kanishk2223,2026-07-27 15:26:48.840000,0.33333
16576829,ClayTPapanek,2026-07-28 18:17:57.973000,0.33333
16607918,Shaik Mohammad Mahid,2026-07-29 13:53:26.373000,0.33333
16475739,Oscar17Needham,2026-07-04 19:19:11.973000,0.33106
16515639,Rachid OD,2026-07-21 17:39:35.133000,0.33097
16585995,Srilakshmi04,2026-07-27 12:03:23.173000,0.32595
16486120,Muh Amri Sidiq,2026-07-06 14:35:48.153000,0.30642
16543498,adityaghuse,2026-07-30 12:50:18.196000,0.30597
16565454,Pamodya Watawana,2026-07-26 06:00:31.643000,0.29479
16585463,pravallika baddam,2026-07-30 19:32:46.940000,0.04339
16538884,Karan #2,2026-07-14 10:09:41.773000,0.00091
16566921,Zenieverse,2026-07-19 03:54:15.080000,0.0
16602020,Heshika Nilukshi,2026-07-26 15:48:34.576000,0.0
